<?xml version="1.0" encoding="UTF-8"?>
<mrc:MD_Band xmlns:xlink="http://www.w3.org/1999/xlink"
 xmlns:gml="http://www.opengis.net/gml/3.2"
 xmlns:gmw="https://schemas.isotc211.org/19136/-/gmw/1.1"
 xmlns:gco="https://schemas.isotc211.org/19103/-/gco/1.1"
 xmlns:mcc="https://schemas.isotc211.org/19115/-1/mcc/1.3"
 xmlns:mco="https://schemas.isotc211.org/19115/-1/mco/1.3"
 xmlns:gco1="http://www.isotc211.org/2005/gco"
 xmlns:gmd="http://www.isotc211.org/2005/gmd"
 xmlns:gex="https://schemas.isotc211.org/19115/-1/gex/1.3"
 xmlns:cit="https://schemas.isotc211.org/19115/-1/cit/1.3"
 xmlns:dqc="https://schemas.isotc211.org/19157/-/dqc/1.1"
 xmlns:mrc="https://schemas.isotc211.org/19115/-1/mrc/1.3"
 xmlns:mrd="https://schemas.isotc211.org/19115/-1/mrd/1.3"
 xmlns:lan="https://schemas.isotc211.org/19115/-1/lan/1.3"
 xmlns:mri="https://schemas.isotc211.org/19115/-1/mri/1.3"
 xmlns:gss="http://www.isotc211.org/2005/gss"
 xmlns:mac="https://schemas.isotc211.org/19115/-2/mac/2.1"
 xmlns:mdb="https://schemas.isotc211.org/19115/-1/mdb/1.3"
 xmlns:gsr="http://www.isotc211.org/2005/gsr"
 xmlns:gts="http://www.isotc211.org/2005/gts"
 xmlns:rce="https://schemas.isotc211.org/19111/rce/1.0"
 xmlns:fcc="https://schemas.isotc211.org/19110/-/fcc/2.1"
 xmlns:gfc="https://schemas.isotc211.org/19110/-/gfc/2.1"
 xmlns:xsi="http://www.w3.org/2001/XMLSchema-instance"
 xsi:schemaLocation="https://schemas.isotc211.org/19115/-1/mrc/1.3 file:/F:/Code_GitHub_ISO/XML_19115-3/schemas.isotc211.org/19115Restructure/19115/-1/mrc/1.3.0/content.xsd">
<mrc:boundMax><gco:Real>12</gco:Real></mrc:boundMax>
 <mrc:boundMin><gco:Real>1</gco:Real></mrc:boundMin>
 <mrc:boundUnits><gml:UnitDefinition gml:id="i">
  <gml:identifier codeSpace="">inmtensity unit</gml:identifier>
 </gml:UnitDefinition></mrc:boundUnits>
 <mrc:peakResponse><gco:Real>10</gco:Real></mrc:peakResponse>
 <mrc:toneGradation><gco:Integer>5</gco:Integer></mrc:toneGradation>
</mrc:MD_Band>
