<?xml version="1.0" encoding="UTF-8"?>
<mrc:MD_RangeDimension xmlns:xlink="http://www.w3.org/1999/xlink"
 xmlns:gml="http://www.opengis.net/gml/3.2" xmlns:gco="https://schemas.isotc211.org/19103/-/gco/1.1"
 xmlns:fcc="https://schemas.isotc211.org/19110/-/fcc/2.1"
 xmlns:lan="https://schemas.isotc211.org/19115/-1/lan/1.3"
 xmlns:mcc="https://schemas.isotc211.org/19115/-1/mcc/1.3"
 xmlns:mrc="https://schemas.isotc211.org/19115/-1/mrc/1.3"
 xmlns:gmw="https://schemas.isotc211.org/19136/-/gmw/1.1"
 xmlns:gex="https://schemas.isotc211.org/19115/-1/gex/1.3"
 xmlns:rce="https://schemas.isotc211.org/19111/rce/1.0"
 xmlns:mac="https://schemas.isotc211.org/19115/-2/mac/2.1"
 xmlns:gfc="https://schemas.isotc211.org/19110/-/gfc/2.1"
 xmlns:cit="https://schemas.isotc211.org/19115/-1/cit/1.3"
 xmlns:mdb="https://schemas.isotc211.org/19115/-1/mdb/1.3"
 xmlns:mco="https://schemas.isotc211.org/19115/-1/mco/1.3"
 xmlns:mri="https://schemas.isotc211.org/19115/-1/mri/1.3"
 xmlns:dqc="https://schemas.isotc211.org/19157/-/dqc/1.1"
 xmlns:mrd="https://schemas.isotc211.org/19115/-1/mrd/1.3"
 xmlns:xsi="http://www.w3.org/2001/XMLSchema-instance"
 xsi:schemaLocation="https://schemas.isotc211.org/19115/-1/mrc/1.3 file:/F:/Code_GitHub_ISO/XML_19115-3/schemas.isotc211.org/19115Restructure/19115/-1/mrc/1.3.0/content.xsd">
 <mrc:sequenceIdentifier>
  <gco:MemberName>
   <gco:aName>
    <gco:CharacterString>member name</gco:CharacterString>
   </gco:aName>
   <gco:attributeType>
    <gco:TypeName>
     <gco:aName>
      <gco:CharacterString>type name</gco:CharacterString>
     </gco:aName>
    </gco:TypeName>
   </gco:attributeType>
  </gco:MemberName>
 </mrc:sequenceIdentifier>
 <mrc:description>
  <gco:CharacterString>range description</gco:CharacterString>
 </mrc:description>
 <mrc:name>
  <mcc:MD_Identifier>
   <mcc:code><gco:CharacterString>123</gco:CharacterString></mcc:code>
  </mcc:MD_Identifier>
 </mrc:name>
</mrc:MD_RangeDimension>
