<?xml version="1.0" encoding="UTF-8"?>
<cat:CT_CodelistCatalogue xmlns:xsi="http://www.w3.org/2001/XMLSchema-instance"
 xsi:schemaLocation="http://standards.iso.org/19115/-3/cat/1.0 ../../../-3/cat/1.0/cat.xsd"
 xmlns:cat="http://standards.iso.org/19115/-3/cat/1.0"
 xmlns:gco="http://standards.iso.org/19115/-3/gco/1.0" xmlns:xlink="http://www.w3.org/1999/xlink"
 xmlns:lan="http://standards.iso.org/19115/-3/lan/1.0" xmlns:gml="http://www.opengis.net/gml/3.2">
   <!--=====Catalogue description=====-->
   <cat:name>
      <gco:CharacterString>Codelists from the Metadata for Data Transfer (mdt) Namespace</gco:CharacterString>
   </cat:name>
   <cat:scope>
      <gco:CharacterString>Codelists from the Metadata for Data Transfer (mdt) Namespace</gco:CharacterString>
   </cat:scope>
   <cat:fieldOfApplication>
      <gco:CharacterString>ISO TC211 Metadata Standards</gco:CharacterString>
   </cat:fieldOfApplication>
   <cat:versionNumber>
      <gco:CharacterString>1.0</gco:CharacterString>
   </cat:versionNumber>
   <cat:versionDate>
      <gco:Date>2015-04-18</gco:Date>
   </cat:versionDate>
   <cat:locale>
      <lan:PT_Locale>
         <lan:language>
            <lan:LanguageCode codeList="standards.iso.org/19115/-3/lan/1.0/codelists.xml#LanguageCode" codeListValue="eng">eng</lan:LanguageCode>
         </lan:language>
         <lan:characterEncoding>
            <lan:MD_CharacterSetCode codeList="standards.iso.org/19115/-3/lan/1.0/codelists.xml#MD_CharacterSetCode" codeListValue="UTF-8">UTF-8</lan:MD_CharacterSetCode>
         </lan:characterEncoding>
      </lan:PT_Locale>
   </cat:locale>
   <!--============================= Codelists =======================================-->
   <!-- MX_ScopeCode  -->
   <cat:codelistItem>
      <cat:CT_Codelist id="MX_ScopeCode">
         <cat:identifier>
            <gco:ScopedName codeSpace="http://standards.iso.org/19115">MX_ScopeCode</gco:ScopedName>
         </cat:identifier>
         <cat:name>
            <gco:ScopedName codeSpace="http://standards.iso.org/19115">MX_ScopeCode</gco:ScopedName>
         </cat:name>
         <cat:definition>
            <gco:CharacterString>class of information to which the referencing entity applies</gco:CharacterString>
         </cat:definition>
         <cat:description>
            <gco:CharacterString>class of information to which the referencing entity applies</gco:CharacterString>
         </cat:description>
         <cat:codeEntry>
            <cat:CT_CodelistValue id="MX_ScopeCode_initiative">
               <cat:identifier>
                  <gco:ScopedName codeSpace="http://standards.iso.org/19115">MX_ScopeCode_initiative</gco:ScopedName>
               </cat:identifier>
               <cat:definition>
                  <gco:CharacterString>The referencing entity applies to a transfer aggregate which was originally identified as an initiative (DS_Initiative)</gco:CharacterString>
               </cat:definition>
            </cat:CT_CodelistValue>
         </cat:codeEntry>
         <cat:codeEntry>
            <cat:CT_CodelistValue id="MX_ScopeCode_stereoMate">
               <cat:identifier>
                  <gco:ScopedName codeSpace="http://standards.iso.org/19115">MX_ScopeCode_stereoMate</gco:ScopedName>
               </cat:identifier>
               <cat:definition>
                  <gco:CharacterString>The referencing entity applies to a transfer aggregate which was originally identified as a stereo mate (DS_StereoMate)</gco:CharacterString>
               </cat:definition>
            </cat:CT_CodelistValue>
         </cat:codeEntry>
         <cat:codeEntry>
            <cat:CT_CodelistValue id="MX_ScopeCode_sensor">
               <cat:identifier>
                  <gco:ScopedName codeSpace="http://standards.iso.org/19115">MX_ScopeCode_sensor</gco:ScopedName>
               </cat:identifier>
               <cat:definition>
                  <gco:CharacterString>The referencing entity applies to a transfer aggregate which was originally identified as a sensor (DS_Sensor)</gco:CharacterString>
               </cat:definition>
            </cat:CT_CodelistValue>
         </cat:codeEntry>
         <cat:codeEntry>
            <cat:CT_CodelistValue id="MX_ScopeCode_platformSeries">
               <cat:identifier>
                  <gco:ScopedName codeSpace="http://standards.iso.org/19115">MX_ScopeCode_platformSeries</gco:ScopedName>
               </cat:identifier>
               <cat:definition>
                  <gco:CharacterString>The referencing entity applies to a transfer aggregate which was originally identified as a platform series (DS_PlatformSeries)</gco:CharacterString>
               </cat:definition>
            </cat:CT_CodelistValue>
         </cat:codeEntry>
         <cat:codeEntry>
            <cat:CT_CodelistValue id="MX_ScopeCode_sensorSeries">
               <cat:identifier>
                  <gco:ScopedName codeSpace="http://standards.iso.org/19115">MX_ScopeCode_sensorSeries</gco:ScopedName>
               </cat:identifier>
               <cat:definition>
                  <gco:CharacterString>The referencing entity applies to a transfer aggregate which was originally identified as a sensor series (DS_SensorSeries)</gco:CharacterString>
               </cat:definition>
            </cat:CT_CodelistValue>
         </cat:codeEntry>
         <cat:codeEntry>
            <cat:CT_CodelistValue id="MX_ScopeCode_productionSeries">
               <cat:identifier>
                  <gco:ScopedName codeSpace="http://standards.iso.org/19115">MX_ScopeCode_productionSeries</gco:ScopedName>
               </cat:identifier>
               <cat:definition>
                  <gco:CharacterString>The referencing entity applies to a transfer aggregate which was originally identified as a sensor series (DS_SensorSeries)</gco:CharacterString>
               </cat:definition>
            </cat:CT_CodelistValue>
         </cat:codeEntry>
         <cat:codeEntry>
            <cat:CT_CodelistValue id="MX_ScopeCode_transferAggregate">
               <cat:identifier>
                  <gco:ScopedName codeSpace="http://standards.iso.org/19115">MX_ScopeCode_transferAggregate</gco:ScopedName>
               </cat:identifier>
               <cat:definition>
                  <gco:CharacterString>The referencing entity applies to a transfer aggregate which has no existence outside of the transfer context</gco:CharacterString>
               </cat:definition>
            </cat:CT_CodelistValue>
         </cat:codeEntry>
         <cat:codeEntry>
            <cat:CT_CodelistValue id="MX_ScopeCode_otherAggregate">
               <cat:identifier>
                  <gco:ScopedName codeSpace="http://standards.iso.org/19115">MX_ScopeCode_otherAggregate</gco:ScopedName>
               </cat:identifier>
               <cat:definition>
                  <gco:CharacterString>The referencing entity applies to a transfer aggregate which has an existence
                     outside of the transfer context, but which does not pertains to a specific aggregate
                     type.</gco:CharacterString>
               </cat:definition>
            </cat:CT_CodelistValue>
         </cat:codeEntry>
       </cat:CT_Codelist>
   </cat:codelistItem>
   <!--=== EOF ===-->
</cat:CT_CodelistCatalogue>
