<?xml version="1.0" encoding="UTF-8"?>
<mri:MD_Usage xmlns:xlink="http://www.w3.org/1999/xlink"
 xmlns:gml="http://www.opengis.net/gml/3.2"
 xmlns:gco="https://schemas.isotc211.org/19103/-/gco/1.1"
 xmlns:gmw="https://schemas.isotc211.org/19136/-/gmw/1.1"
 xmlns:mcc="https://schemas.isotc211.org/19115/-1/mcc/1.3"
 xmlns:lan="https://schemas.isotc211.org/19115/-1/lan/1.3"
 xmlns:mri="https://schemas.isotc211.org/19115/-1/mri/1.3"
 xmlns:cit="https://schemas.isotc211.org/19115/-1/cit/1.3"
 xmlns:xsi="http://www.w3.org/2001/XMLSchema-instance"
 xsi:schemaLocation="https://schemas.isotc211.org/19115/-1/mri/1.3 file:/F:/Code_GitHub_ISO/XML_19115-3/schemas.isotc211.org/19115Restructure/19115/-1/mri/1.3.0/identification.xsd">
    <mri:specificUsage/>
    <mri:usageDateTime></mri:usageDateTime>
    <mri:userDeterminedLimitations></mri:userDeterminedLimitations>
    <mri:userContactInfo><cit:CI_Responsibility>
        <cit:role></cit:role>
        <cit:party></cit:party>
    </cit:CI_Responsibility></mri:userContactInfo>
    <mri:response></mri:response>
    <mri:additionalDocumentation><cit:CI_Citation>
        <cit:title></cit:title>
    </cit:CI_Citation></mri:additionalDocumentation>
    <mri:additionalDocumentation><cit:CI_Citation>
        <cit:title></cit:title>
    </cit:CI_Citation></mri:additionalDocumentation>
    <mri:identifiedIssues><cit:CI_Citation>
        <cit:title></cit:title>
    </cit:CI_Citation></mri:identifiedIssues>
</mri:MD_Usage>
