<?xml version="1.0" encoding="UTF-8"?>
<mri:MD_AssociatedResource xmlns:xlink="http://www.w3.org/1999/xlink"
 xmlns:gco="https://schemas.isotc211.org/19103/-/gco/1.1"
 xmlns:gmw="https://schemas.isotc211.org/19136/-/gmw/1.1"
 xmlns:lan="https://schemas.isotc211.org/19115/-1/lan/1.3"
 xmlns:mcc="https://schemas.isotc211.org/19115/-1/mcc/1.3"
 xmlns:mri="https://schemas.isotc211.org/19115/-1/mri/1.3"
 xmlns:gsr="http://www.isotc211.org/2005/gsr"
 xmlns:cit="https://schemas.isotc211.org/19115/-1/cit/1.3"
 xmlns:xsi="http://www.w3.org/2001/XMLSchema-instance"
 xsi:schemaLocation="https://schemas.isotc211.org/19115/-1/mri/1.3 file:/F:/Code_GitHub_ISO/XML_19115-3/schemas.isotc211.org/19115Restructure/19115/-1/mri/1.3.0/identification.xsd">
    <mri:name><cit:CI_Citation>
        <cit:title></cit:title>
    </cit:CI_Citation></mri:name>
    <mri:associationType><mri:DS_AssociationTypeCode codeList="" codeListValue=""></mri:DS_AssociationTypeCode></mri:associationType>
    <mri:initiativeType><mri:DS_InitiativeTypeCode codeList="" codeListValue=""></mri:DS_InitiativeTypeCode></mri:initiativeType>
    <mri:metadataReference><cit:CI_Citation>
        <cit:title></cit:title>
    </cit:CI_Citation></mri:metadataReference>
</mri:MD_AssociatedResource>
