<?xml version="1.0" encoding="UTF-8"?>
<mri:MD_Keywords
 xmlns:gco="https://schemas.isotc211.org/19103/-/gco/1.1"
 xmlns:gmw="https://schemas.isotc211.org/19136/-/gmw/1.1"
 xmlns:lan="https://schemas.isotc211.org/19115/-1/lan/1.3"
 xmlns:mcc="https://schemas.isotc211.org/19115/-1/mcc/1.3"
 xmlns:mri="https://schemas.isotc211.org/19115/-1/mri/1.3"
 xmlns:gml="http://www.opengis.net/gml/3.2"
 xmlns:xlink="http://www.w3.org/1999/xlink"
 xmlns:cit="https://schemas.isotc211.org/19115/-1/cit/1.3"
 xmlns:xsi="http://www.w3.org/2001/XMLSchema-instance"
 xsi:schemaLocation="https://schemas.isotc211.org/19115/-1/mri/1.3 file:/F:/Code_GitHub_ISO/XML_19115-3/schemas.isotc211.org/19115Restructure/19115/-1/mri/1.3.0/identification.xsd">
    <mri:keyword><gco:CharacterString>Sample Keyword</gco:CharacterString></mri:keyword>
    <mri:type><mri:MD_KeywordTypeCode codeList="keywordTypeCodes" codeListValue="species">species</mri:MD_KeywordTypeCode></mri:type>
    <mri:thesaurusName><cit:CI_Citation>
        <cit:title><gco:CharacterString>research topic</gco:CharacterString></cit:title>
    </cit:CI_Citation></mri:thesaurusName>
    <mri:keywordClass><mri:MD_KeywordClass>
        <mri:className><gco:CharacterString>research topic</gco:CharacterString></mri:className>
        <mri:ontology><cit:CI_Citation>
            <cit:title><gco:CharacterString>My research topics</gco:CharacterString></cit:title>
        </cit:CI_Citation></mri:ontology>
    </mri:MD_KeywordClass></mri:keywordClass>
</mri:MD_Keywords>
