<?xml-stylesheet type='text/xsl' href='./CodelistDictionary-v32.xsl'?><Dictionary xmlns="http://www.opengis.net/gml/3.2" xmlns:gml="http://www.opengis.net/gml/3.2" xmlns:xsi="http://www.w3.org/2001/XMLSchema-instance" gml:id="MI_ObjectiveTypeCode" xsi:schemaLocation="http://www.opengis.net/gml/3.2 null">
  <description>Description: temporal persistence of collection objective&#13;
shortName: ObjTypeCode&#13;
</description>
  <identifier codeSpace="http://www.isotc211.org/2014/mac/1.0/2014-07-11">MI_ObjectiveTypeCode</identifier>
  <dictionaryEntry>
    <Definition gml:id="_12408_18963">
      <description>Description: single instance of collection&#13;
Code: 001</description>
      <identifier codeSpace="http://www.isotc211.org/2014/mac/1.0/2014-07-11/MI_ObjectiveTypeCode">instantaneousCollection</identifier>
    </Definition>
  </dictionaryEntry>
  <dictionaryEntry>
    <Definition gml:id="_12408_18964">
      <description>Description: multiple instances of collection&#13;
Code: 002</description>
      <identifier codeSpace="http://www.isotc211.org/2014/mac/1.0/2014-07-11/MI_ObjectiveTypeCode">persistentView</identifier>
    </Definition>
  </dictionaryEntry>
  <dictionaryEntry>
    <Definition gml:id="_12408_18965">
      <description>Description: comparative collection&#13;
Code: 003</description>
      <identifier codeSpace="http://www.isotc211.org/2014/mac/1.0/2014-07-11/MI_ObjectiveTypeCode">survey</identifier>
    </Definition>
  </dictionaryEntry>
</Dictionary>
