<?xml version="1.0" encoding="UTF-8"?>
<cat:CT_CodelistCatalogue xmlns:xsi="http://www.w3.org/2001/XMLSchema-instance"
   xmlns:cat="http://standards.iso.org/19115/-3/cat/1.0"
   xmlns:lan="http://standards.iso.org/19115/-3/lan/1.0"
   xmlns:gco="http://standards.iso.org/19115/-3/gco/1.0" xmlns:xlink="http://www.w3.org/1999/xlink"
   xmlns:gml="http://www.opengis.net/gml/3.2"
   xsi:schemaLocation="http://standards.iso.org/19115/-3/cat/1.0 ../../../-3/cat/1.0/cat.xsd">
   <!--=====Catalogue description=====-->
   <cat:name>
      <gco:CharacterString>Codelists from the Metadata for Services (srv) Namespace</gco:CharacterString>
   </cat:name>
   <cat:scope>
      <gco:CharacterString>Codelists from the Metadata for Services (srv) Namespace</gco:CharacterString>
   </cat:scope>
   <cat:fieldOfApplication>
      <gco:CharacterString>ISO TC211 Metadata Standards</gco:CharacterString>
   </cat:fieldOfApplication>
   <cat:versionNumber>
      <gco:CharacterString>0.1</gco:CharacterString>
   </cat:versionNumber>
   <cat:versionDate>
      <gco:Date>2015-04-18</gco:Date>
   </cat:versionDate>
   <cat:locale>
      <lan:PT_Locale>
         <lan:language>
            <lan:LanguageCode codeList="http://standards.iso.org/19115/resources/Codelist/cat/codelists.xml#LanguageCode" codeListValue="eng">eng</lan:LanguageCode>
         </lan:language>
         <lan:characterEncoding>
            <lan:MD_CharacterSetCode codeList="http://standards.iso.org/19115/resources/Codelist/cat/codelists.xml#MD_CharacterSetCode"
               codeListValue="UTF-8">UTF-8</lan:MD_CharacterSetCode>
         </lan:characterEncoding>
      </lan:PT_Locale>
   </cat:locale>
   <!--============================= Codelists =======================================-->
   <!-- SV_CouplingType  -->
   <cat:codelistItem>
      <cat:CT_Codelist id="SV_CouplingType">
         <cat:identifier>
            <gco:ScopedName codeSpace="http://standards.iso.org/19115"
               >SV_CouplingType</gco:ScopedName>
         </cat:identifier>
         <cat:name>
            <gco:ScopedName codeSpace="http://standards.iso.org/19115"
               >SV_CouplingType</gco:ScopedName>
         </cat:name>
         <cat:definition>
            <gco:CharacterString>class of information to which the referencing entity
               applies</gco:CharacterString>
         </cat:definition>
         <cat:description>
            <gco:CharacterString>class of information to which the referencing entity
               applies</gco:CharacterString>
         </cat:description>
         <cat:codeEntry>
            <cat:CT_CodelistValue id="SV_CouplingType_loose">
               <cat:identifier>
                  <gco:ScopedName codeSpace="http://standards.iso.org/19115"
                     >SV_CouplingType_loose</gco:ScopedName>
               </cat:identifier>
               <cat:definition>
                  <gco:CharacterString>service instance is loosely coupled with a data instance,
                     i.e. no MD_DataIdentification class has to be described</gco:CharacterString>
               </cat:definition>
            </cat:CT_CodelistValue>
         </cat:codeEntry>
         <cat:codeEntry>
            <cat:CT_CodelistValue id="SV_CouplingType_mixed">
               <cat:identifier>
                  <gco:ScopedName codeSpace="http://standards.iso.org/19115"
                     >SV_CouplingType_mixed</gco:ScopedName>
               </cat:identifier>
               <cat:definition>
                  <gco:CharacterString>service instance is mixed coupled with a data instance, i.e.
                     MD_DataIdentification describes the associated data instance and additionally
                     the service instance might work with other external data
                     instances</gco:CharacterString>
               </cat:definition>
            </cat:CT_CodelistValue>
         </cat:codeEntry>
         <cat:codeEntry>
            <cat:CT_CodelistValue id="SV_CouplingType_tight">
               <cat:identifier>
                  <gco:ScopedName codeSpace="http://standards.iso.org/19115"
                     >SV_CouplingType_tight</gco:ScopedName>
               </cat:identifier>
               <cat:definition>
                  <gco:CharacterString>service instance is tightly coupled with a data instance,
                     i.e. MD_DataIdentification class MUST be described</gco:CharacterString>
               </cat:definition>
            </cat:CT_CodelistValue>
         </cat:codeEntry>
      </cat:CT_Codelist>
   </cat:codelistItem>
   <!-- SV_ParameterDirection  -->
   <cat:codelistItem>
      <cat:CT_Codelist id="SV_ParameterDirection">
         <cat:identifier>
            <gco:ScopedName codeSpace="http://standards.iso.org/19115"
               >SV_ParameterDirection</gco:ScopedName>
         </cat:identifier>
         <cat:name>
            <gco:ScopedName codeSpace="http://standards.iso.org/19115"
               >SV_ParameterDirection</gco:ScopedName>
         </cat:name>
         <cat:definition>
            <gco:CharacterString>class of information to which the referencing entity
               applies</gco:CharacterString>
         </cat:definition>
         <cat:description>
            <gco:CharacterString>class of information to which the referencing entity
               applies</gco:CharacterString>
         </cat:description>
         <cat:codeEntry>
            <cat:CT_CodelistValue id="SV_ParameterDirection_in">
               <cat:identifier>
                  <gco:ScopedName codeSpace="http://standards.iso.org/19115"
                     >SV_ParameterDirection_in</gco:ScopedName>
               </cat:identifier>
               <cat:definition>
                  <gco:CharacterString>the parameter is an input parameter to the service
                     instance</gco:CharacterString>
               </cat:definition>
            </cat:CT_CodelistValue>
         </cat:codeEntry>
         <cat:codeEntry>
            <cat:CT_CodelistValue id="SV_ParameterDirection_out">
               <cat:identifier>
                  <gco:ScopedName codeSpace="http://standards.iso.org/19115"
                     >SV_ParameterDirection_out</gco:ScopedName>
               </cat:identifier>
               <cat:definition>
                  <gco:CharacterString>the parameter is an output parameter to the service
                     instance</gco:CharacterString>
               </cat:definition>
            </cat:CT_CodelistValue>
         </cat:codeEntry>
         <cat:codeEntry>
            <cat:CT_CodelistValue id="SV_ParameterDirection_inout">
               <cat:identifier>
                  <gco:ScopedName codeSpace="http://standards.iso.org/19115"
                     >SV_ParameterDirection_inout</gco:ScopedName>
               </cat:identifier>
               <cat:definition>
                  <gco:CharacterString>the parameter is both an input and output parameter to the
                     service instance</gco:CharacterString>
               </cat:definition>
            </cat:CT_CodelistValue>
         </cat:codeEntry>
      </cat:CT_Codelist>
   </cat:codelistItem>
   <!--=== EOF ===-->
</cat:CT_CodelistCatalogue>
