<?xml version="1.0" encoding="UTF-8"?>
<mdb:MD_Metadata xmlns:xsi="http://www.w3.org/2001/XMLSchema-instance"
                 xsi:schemaLocation="http://standards.iso.org/19115/-3/mdb/1.0/2014-12-25 ../../../schema.xsd"
                 xmlns:mri="http://standards.iso.org/19115/-3/mri/1.0/2014-12-25"
                 xmlns:srv="http://standards.iso.org/19115/-3/srv/2.0/2014-12-25"
                 xmlns:cit="http://standards.iso.org/19115/-3/cit/1.0/2014-12-25"
                 xmlns:mdb="http://standards.iso.org/19115/-3/mdb/1.0/2014-12-25"
                 xmlns:gco="http://standards.iso.org/19139/gco/1.0/2014-12-25">
   <mdb:metadataIdentifier></mdb:metadataIdentifier>
   
   <mdb:identificationInfo>
      <srv:SV_ServiceIdentification>
         <mri:citation></mri:citation>
         <mri:abstract></mri:abstract>
         <srv:serviceType></srv:serviceType>
         
         <!-- Invalid for rule.srv.coupledresource
         <srv:couplingType>
            <srv:SV_CouplingType codeList="" codeListValue="tight"/>
         </srv:couplingType> -->
         <srv:coupledResource>
            <srv:SV_CoupledResource>
               <srv:resourceReference>
                  <cit:CI_Citation>
                     <cit:title>Reference</cit:title>
                  </cit:CI_Citation>
               </srv:resourceReference>
            </srv:SV_CoupledResource>
         </srv:coupledResource>
         
         
         <!-- Invalid for rule.srv.operateddataset -->
         <srv:operatedDataset uuidref="MD01"/>
         <srv:operatesOn uuidref="MD01"/>
         
         
         
         <!-- Invalid for rule.srv.hasresourcereforresource -->
         <srv:coupledResource>
            <srv:SV_CoupledResource>
               <srv:scopedName>
                  <gco:ScopedName>unknown</gco:ScopedName>
               </srv:scopedName>
            </srv:SV_CoupledResource>
         </srv:coupledResource>
         
         
         <!-- Invalid for rule.srv.coupledresourceonlyresource -->
         <srv:coupledResource>
            <srv:SV_CoupledResource>
               <srv:resource uuidref="MD022"/>
               <srv:resourceReference>
                  <cit:CI_Citation>
                     <cit:title>Reference</cit:title>
                  </cit:CI_Citation>
               </srv:resourceReference>
            </srv:SV_CoupledResource>
         </srv:coupledResource>
         
         
         
         <!-- Invalid for rule rule.srv.chainoroperations -->
         <srv:containsOperations>
            <srv:SV_OperationMetadata>
               <srv:operationName>
                  <gco:CharacterString></gco:CharacterString>
               </srv:operationName>
               <srv:distributedComputingPlatform></srv:distributedComputingPlatform>
               <srv:connectPoint></srv:connectPoint>
            </srv:SV_OperationMetadata>
         </srv:containsOperations>
         <srv:containsChain>
            <srv:SV_OperationChainMetadata>
               <srv:name>
                  <gco:CharacterString></gco:CharacterString>
               </srv:name>
               <srv:operation></srv:operation>
            </srv:SV_OperationChainMetadata>
         </srv:containsChain>
         
      </srv:SV_ServiceIdentification>
   </mdb:identificationInfo>
</mdb:MD_Metadata>
