<?xml version="1.0" encoding="UTF-8"?>
<smi:SE_SensorModel xmlns:xlink="http://www.w3.org/1999/xlink"
 xmlns:gml="http://www.opengis.net/gml/3.2"
  xmlns:gco="https://schemas.isotc211.org/19103/-/gco/1.2"
 xmlns:gmw="https://schemas.isotc211.org/19136/-/gmw/1.1"
 xmlns:mac="https://schemas.isotc211.org/19115/-2/mac/2.2"
 xmlns:mcc="https://schemas.isotc211.org/19115/-1/mcc/1.3"
 xmlns:lan="https://schemas.isotc211.org/19115/-1/lan/1.3"
 xmlns:mdq="https://schemas.isotc211.org/19157/-/mdq/1.2"
 xmlns:smi="https://schemas.isotc211.org/19130/-3/smi/1.1"
 xmlns:sml="http://www.opengis.net/sensorml/2.0"
 xmlns:mrs="https://schemas.isotc211.org/19115/-1/mrs/1.3"
 xmlns:cit="https://schemas.isotc211.org/19115/-1/cit/1.3"
 xmlns:msr="https://schemas.isotc211.org/19115/-1/msr/1.3"
 xmlns:igd="https://schemas.isotc211.org/19163/-2/igd/1.2"
 xmlns:swe="http://www.opengis.net/swe/2.0"
 xmlns:gmlcov="http://www.opengis.net/gmlcov/1.0"
 xmlns:rbc="https://schemas.isotc211.org/19111/-/rbc/3.1"
 xmlns:gex="https://schemas.isotc211.org/19115/-1/gex/1.3"
 xmlns:mrc="https://schemas.isotc211.org/19115/-1/mrc/1.3"
 xmlns:mri="https://schemas.isotc211.org/19115/-1/mri/1.3"
 xmlns:mrl="https://schemas.isotc211.org/19115/-1/mrl/1.3"
 xmlns:mco="https://schemas.isotc211.org/19115/-1/mco/1.3"
 xmlns:srv="https://schemas.isotc211.org/19115/-1/srv/1.3"
 xmlns:dqc="https://schemas.isotc211.org/19157/-/dqc/1.2"
 xmlns:mdb="https://schemas.isotc211.org/19115/-1/mdb/1.3"
 xmlns:fcc="https://schemas.isotc211.org/19110/-/fcc/2.2"
 xmlns:gfc="https://schemas.isotc211.org/19110/-/gfc/2.2"
 xmlns:mrd="https://schemas.isotc211.org/19115/-1/mrd/1.3"
 xmlns:gcx="https://schemas.isotc211.org/19103/-/gcx/1.2"
 xmlns:xsi="http://www.w3.org/2001/XMLSchema-instance"
 xsi:schemaLocation="https://schemas.isotc211.org/19130/-3/smi/1.1 ../../../../19130/-3/smi/1.1.0/smi.xsd">
    <smi:forImageID>
        <sml:identifier>
            <sml:Term>
                <sml:label>imageID</sml:label>
                <sml:value>s1b-iw1-slc-vh-20190730t004009-20190730t004023-017356-020a31-001</sml:value>
            </sml:Term>
        </sml:identifier>
    </smi:forImageID>
    <smi:physicalSensorModel>
        <smi:SD_PhysicalSensorModel>
            <smi:regionOfValidity>
                <smi:CV_GridPoint>
                    <gmlcov:gridCoord><gmlcov:CV_GridCoordinates>
                        <gmlcov:coordValues>9.938113301744562e+01,2.032876894515828e+01</gmlcov:coordValues>
                    </gmlcov:CV_GridCoordinates></gmlcov:gridCoord>
                </smi:CV_GridPoint>
                <smi:CV_GridPoint>
                    <gmlcov:gridCoord><gmlcov:CV_GridCoordinates>
                        <gmlcov:coordValues>-9.876913429911600e+01,2.132332113055814e+0</gmlcov:coordValues>
                    </gmlcov:CV_GridCoordinates></gmlcov:gridCoord>
                </smi:CV_GridPoint>
                <smi:CV_GridPoint>
                    <gmlcov:gridCoord><gmlcov:CV_GridCoordinates>
                        <gmlcov:coordValues>-9.880698112293788e+01,2.131655145344838e+01</gmlcov:coordValues>
                    </gmlcov:CV_GridCoordinates></gmlcov:gridCoord>
                </smi:CV_GridPoint>
            </smi:regionOfValidity>
            <smi:sensorInformation>
                <smi:SD_SensorParameters>
                    <smi:offsetAndOrientation>
                        <smi:SD_PositionAndOrientation>
                            <smi:CRS><rbc:RS_CRS>
                                <rbc:definition></rbc:definition>
                            </rbc:RS_CRS></smi:CRS>
                            <smi:dynamics><smi:SD_Dynamics>
                                <smi:angularAcceleration>
                                    <swe:Quantity>
                                        <swe:uom/>
                                        <swe:value>1.590368784000000e+00</swe:value>
                                    </swe:Quantity>
                                </smi:angularAcceleration>
                                <smi:attitude>
                                    <smi:SD_MatrixAttitude>
                                        <smi:matrixElements>
                                            <smi:r1c1><gco:Real>-0.1356302</gco:Real></smi:r1c1>
                                            <smi:r1c2><gco:Real>-0.1530864</gco:Real></smi:r1c2>
                                            <smi:r1c3><gco:Real>-0.9788611</gco:Real></smi:r1c3>
                                            <smi:r2c1><gco:Real>0.9297066</gco:Real></smi:r2c1>
                                            <smi:r2c2><gco:Real>-0.3611262</gco:Real></smi:r2c2>
                                            <smi:r2c3><gco:Real>-0.0723420</gco:Real></smi:r2c3>
                                            <smi:r3c1><gco:Real>-0.3424179</gco:Real></smi:r3c1>
                                            <smi:r3c2><gco:Real>-0.9198654</gco:Real></smi:r3c2>
                                            <smi:r3c3><gco:Real>0.1913051</gco:Real></smi:r3c3>
                                        </smi:matrixElements>
                                    </smi:SD_MatrixAttitude>
                                </smi:attitude>
                                <smi:dateTime><gco:DateTime>2019-07-30T03:19:28</gco:DateTime></smi:dateTime>
                            </smi:SD_Dynamics>
                            </smi:dynamics>
                            <smi:position>
                                <smi:SD_EarthMeasuredLocation>
                                    <smi:navigationalConfidence>
                                        <mdq:DQ_AbsoluteExternalPositionalAccuracy>
                                            <mdq:result></mdq:result>
                                        </mdq:DQ_AbsoluteExternalPositionalAccuracy>
                                    </smi:navigationalConfidence>
                                    <smi:timeOfMeasurement><gco:DateTime>2019-07-30T03:19:28</gco:DateTime></smi:timeOfMeasurement>
                                    <smi:position>000</smi:position>
                                </smi:SD_EarthMeasuredLocation>
                            </smi:position>
                            <smi:platform>
                                <smi:SD_PlatformParameters>
                                    <smi:dynamics>
                                        <smi:SD_PlatformDynamics>
                                            <smi:dateTime></smi:dateTime>
                                            <smi:trueHeading>
                                                <gco:Angle uom="1">-1.224969159628476e+01</gco:Angle>
                                            </smi:trueHeading>
                                            <smi:yaw><gco:Angle uom="1">1.112276773932129e+02</gco:Angle></smi:yaw>
                                        </smi:SD_PlatformDynamics>
                                    </smi:dynamics>
                                    <smi:observedPosition>
                                        <smi:SD_EarthMeasuredLocation>
                                            <smi:timeOfMeasurement>
                                                <gco:DateTime>2019-07-30T03:19:28</gco:DateTime>
                                            </smi:timeOfMeasurement>
                                            <smi:position>000</smi:position>
                                        </smi:SD_EarthMeasuredLocation>
                                    </smi:observedPosition>
                                    <smi:platformIdentification>
                                        <mac:MI_Platform>
                                            <mac:identifier><mcc:MD_Identifier>
                                                <mcc:code><gco:CharacterString>Sentinel-1</gco:CharacterString></mcc:code>
                                            </mcc:MD_Identifier></mac:identifier>
                                            <mac:description></mac:description>
                                            <mac:instrument><mac:MI_Instrument>
                                                <mac:identifier><mcc:MD_Identifier>
                                                    <mcc:code><gco:CharacterString>IW</gco:CharacterString></mcc:code>
                                                </mcc:MD_Identifier></mac:identifier>
                                                <mac:type><gco:CharacterString>Interferometric Wide Swath</gco:CharacterString></mac:type>
                                            </mac:MI_Instrument></mac:instrument>
                                        </mac:MI_Platform>
                                    </smi:platformIdentification>
                                </smi:SD_PlatformParameters>
                            </smi:platform>
                        </smi:SD_PositionAndOrientation>
                    </smi:offsetAndOrientation>
                    <smi:operationalMode><gco:CharacterString>Interferometric Wide Swath</gco:CharacterString></smi:operationalMode>
                    <smi:detector>
                        <smi:SD_DetectorArray>
                            <smi:arrayDimensions>
                                <smi:SD_ArrayDimension>
                                    <smi:name><gco:CharacterString>row</gco:CharacterString></smi:name>
                                    <smi:size><gco:Integer>11383</gco:Integer></smi:size>
                                </smi:SD_ArrayDimension>
                            <smi:SD_ArrayDimension>
                                <smi:name><gco:CharacterString>column</gco:CharacterString></smi:name>
                                <smi:size><gco:Integer>25171</gco:Integer></smi:size>
                            </smi:SD_ArrayDimension>
                            </smi:arrayDimensions>
                            <smi:arrayOrigin>-6.268154000450000e+06 -1.556287232414000e+06</smi:arrayOrigin>
                            <smi:detectorShape><smi:SD_ShapeCode>square</smi:SD_ShapeCode></smi:detectorShape>
                            <smi:detectorSize>
                                <smi:Length><gco:Length uom="meter">12</gco:Length></smi:Length>
                            </smi:detectorSize>
                            <smi:numberOfDimensions><gco:Integer>2</gco:Integer></smi:numberOfDimensions>
                            <smi:offsetVectors>
                                <smi:Vector referenceFrame="EarthFixed">
                                    <swe:coordinate name="offset">
                                        <swe:Quantity>
                                            <swe:uom/>
                                            <swe:value>875</swe:value>
                                        </swe:Quantity>
                                    </swe:coordinate>
                                </smi:Vector>
                            </smi:offsetVectors>
                        </smi:SD_DetectorArray>
                    </smi:detector>
                    <smi:gsdProperties>
                        <smi:SD_GSD>
                            <smi:columnSpacing><gco:Distance uom="meter">2.330</gco:Distance></smi:columnSpacing>
                            <smi:gsdCRS>
                                <mrs:MD_ReferenceSystem>
                                    <mrs:referenceSystemIdentifier><mcc:MD_Identifier>
                                        <mcc:code><gco:CharacterString>Reference System</gco:CharacterString></mcc:code>
                                    </mcc:MD_Identifier></mrs:referenceSystemIdentifier>
                                </mrs:MD_ReferenceSystem>
                            </smi:gsdCRS>
                            <smi:referenceSurface><smi:SD_SurfaceCode>ground</smi:SD_SurfaceCode></smi:referenceSurface>
                            <smi:rowSpacing><gco:Distance uom="meter">14.007</gco:Distance></smi:rowSpacing>
                        </smi:SD_GSD>
                    </smi:gsdProperties>
                    <smi:identification>
                        <smi:SD_Sensor>
                            <mac:identifier><mcc:MD_Identifier>
                                <mcc:code><gco:CharacterString>C-SAR</gco:CharacterString></mcc:code>
                            </mcc:MD_Identifier></mac:identifier>
                            <mac:type><gco:CharacterString>C-band Synthetic Aperture Radar</gco:CharacterString></mac:type>
                            <smi:calibration>
                                <smi:SD_Calibration>
                                    <smi:calibrationAgency><cit:CI_Responsibility>
                                        <cit:role><cit:CI_RoleCode codeList="http://www.isotc211.org/2005/resources/Codelist/gmxCodelists.xml#CI_RoleCode" codeListValue="processor">processor</cit:CI_RoleCode></cit:role>
                                        <cit:party><cit:CI_Organisation>
                                            <cit:name><gco:CharacterString>ESA</gco:CharacterString></cit:name>
                                        </cit:CI_Organisation></cit:party>
                                    </cit:CI_Responsibility></smi:calibrationAgency>
                                    <smi:calibrationDate></smi:calibrationDate>
                                </smi:SD_Calibration>
                            </smi:calibration>
                        </smi:SD_Sensor>
                    </smi:identification>
                    <smi:systemAndOperation>
                        <smi:SE_SAROperation>
                            <smi:collectionStartTime><gco:DateTime>2019-07-30T00:40:07.493268Z</gco:DateTime></smi:collectionStartTime>
                            <smi:collectionEndTime><gco:DateTime>2019-07-30T00:40:25.335497Z</gco:DateTime></smi:collectionEndTime>
                            <smi:grpPosition>2.033676575195040e+01 -9.933794692601427e+01</smi:grpPosition>
                            <smi:orientation><smi:SD_SAROrientationCode>right</smi:SD_SAROrientationCode></smi:orientation>
                            <smi:collectionMode><smi:SE_SARCollectionMode>scan</smi:SE_SARCollectionMode></smi:collectionMode>
                        </smi:SE_SAROperation>
                    </smi:systemAndOperation>
                </smi:SD_SensorParameters>
            </smi:sensorInformation>
            <smi:controlPointRespository>
                <smi:SD_GCPRepository>
                    <smi:accessInformation>
                        <cit:CI_Contact>
                            <cit:onlineResource><cit:CI_OnlineResource>
                                <cit:linkage><gco:CharacterString>https://sentinel.esa.int/web/sentinel/technical-guides/sentinel-3-synergy/level-1/shift-estimation-at-ground-control-points</gco:CharacterString></cit:linkage>
                            </cit:CI_OnlineResource></cit:onlineResource>
                        </cit:CI_Contact>
                    </smi:accessInformation>
                    <smi:accessRestricted><gco:Boolean>true</gco:Boolean></smi:accessRestricted>
                    <smi:controlPoints>
                        <msr:MI_GCPCollection>
                            <msr:collectionIdentification>
                                <gco:Integer>4512</gco:Integer>
                            </msr:collectionIdentification>
                            <msr:collectionName><gco:CharacterString>gcpCollection-s1b-iw1-slc-vh-20190730t004009-20190730t004023-017356-020a31-001</gco:CharacterString></msr:collectionName>
                            <msr:coordinateReferenceSystem>
                                <mrs:MD_ReferenceSystem>
                                    <mrs:referenceSystemIdentifier>
                                     <mcc:MD_Identifier>
                                         <mcc:code><msr:MD_PixelOrientationCode>centre</msr:MD_PixelOrientationCode></mcc:code>
                                     </mcc:MD_Identifier>   
                                    </mrs:referenceSystemIdentifier>
                                </mrs:MD_ReferenceSystem>
                            </msr:coordinateReferenceSystem>
                            <msr:gcp>
                                <msr:MI_GCP>
                                    <msr:geographicCoordinates>
                                        <gml:Point><gml:coordinates>-9.938113301e+01 2.0079287942e+02</gml:coordinates></gml:Point>
                                    </msr:geographicCoordinates>
                                </msr:MI_GCP>
                            </msr:gcp>
                        </msr:MI_GCPCollection>
                    </smi:controlPoints>
                </smi:SD_GCPRepository>
            </smi:controlPointRespository>
        </smi:SD_PhysicalSensorModel>
    </smi:physicalSensorModel>
    <smi:sensorDataModeling><smi:SE_DataModelingMethod>notApplicable</smi:SE_DataModelingMethod></smi:sensorDataModeling>
    <smi:sensorManufacturer><gco:CharacterString>EADS Astrium GmbH of Germany</gco:CharacterString></smi:sensorManufacturer>
</smi:SE_SensorModel>
