<?xml version="1.0" encoding="UTF-8"?>
<SE_SensorModel xmlns:igd="https://schemas.isotc211.org/19163/-2/igd/1.1"
    xmlns:gex="https://schemas.isotc211.org/19115/-1/gex/2.1"
    xmlns:mrc="https://schemas.isotc211.org/19115/-1/mrc/2.1"
    xmlns:mri="https://schemas.isotc211.org/19115/-1/mri/2.1"
    xmlns:msr="https://schemas.isotc211.org/19115/-1/msr/2.1"
    xmlns:cit="https://schemas.isotc211.org/19115/-1/cit/2.1"
    xmlns:gmw="https://schemas.isotc211.org/19136/-/gmw/1.1"
    xmlns:mac="https://schemas.isotc211.org/19115/-2/mac/2.1"
    xmlns:mrl="https://schemas.isotc211.org/19115/-1/mrl/2.1"
    xmlns:gco="https://schemas.isotc211.org/19103/-/gco/1.1"
    xmlns:gmlcov="http://www.opengis.net/gmlcov/1.0"
    xmlns:mcc="https://schemas.isotc211.org/19115/-1/mcc/2.1"
    xmlns:gml="http://www.opengis.net/gml/3.2"
    xmlns:srv="https://schemas.isotc211.org/19115/-1/srv/2.1"
    xmlns:mrd="https://schemas.isotc211.org/19115/-1/mrd/2.1"
    xmlns:mco="https://schemas.isotc211.org/19115/-1/mco/2.1"
    xmlns:xlink="http://www.w3.org/1999/xlink" 
    xmlns:swe="http://www.opengis.net/swe/2.0"
    xmlns:sml="http://www.opengis.net/sensorml/2.0" 
    xmlns:gsr="http://www.isotc211.org/2005/gsr"
    xmlns:fcc="https://schemas.isotc211.org/19110/-/fcc/2.1"
    xmlns:gfc="https://schemas.isotc211.org/19110/-/gfc/2.1"
    xmlns:lan="https://schemas.isotc211.org/19115/-1/lan/2.1"
    xmlns:rbc="https://schemas.isotc211.org/19111/-/rbc/3.0"
    xmlns:mdq="https://schemas.isotc211.org/19157/-/mdq/1.1"
    xmlns:gcx="https://schemas.isotc211.org/19103/-/gcx/1.1"
    xmlns:mrs="https://schemas.isotc211.org/19115/-1/mrs/2.1"
    xmlns:dqc="https://schemas.isotc211.org/19157/-/dqc/1.1"
    xmlns:mdb="https://schemas.isotc211.org/19115/-1/mdb/2.1"
    xmlns:xsi="http://www.w3.org/2001/XMLSchema-instance"
    xmlns="https://schemas.isotc211.org/19130/-3/smi/1.0"
    xsi:schemaLocation="https://schemas.isotc211.org/19130/-3/smi/1.0 ../../../../19130/-3/smi/1.0.0/smi.xsd">
    <forImageID>
        <sml:identifier xmlns="http://www.opengis.net/sensorml/2.0">
            <sml:Term>
                <sml:label>imageID</sml:label>
                <sml:value>LC80150532020003LGN00</sml:value>
            </sml:Term>
        </sml:identifier>
    </forImageID>
    <trueReplacementModel>
        <SD_TrueReplacementModel>
            <accuracy>
                <mdq:DQ_GriddedDataPositionalAccuracy>
                    <mdq:result>
                        <mdq:DQ_QuantitativeResult>
                            <mdq:value>
                                <gco:Record>
                                    <gco:field>
                                        <gco:Field>
                                            <gco:value>
                                                <gco:CharacterString>393000e1.+00</gco:CharacterString>
                                            </gco:value>
                                            <gco:type>
                                                <gco:FieldType>
                                                  <gco:fieldName>
                                                  <gco:CharacterString>absoluteCalibrationConstant</gco:CharacterString>
                                                  </gco:fieldName>
                                                  <gco:fieldType>
                                                  <gco:TypeName>
                                                  <gco:aName>
                                                  <gco:CharacterString>double</gco:CharacterString>
                                                  </gco:aName>
                                                  </gco:TypeName>
                                                  </gco:fieldType>
                                                </gco:FieldType>
                                            </gco:type>
                                        </gco:Field>
                                    </gco:field>
                                </gco:Record>
                            </mdq:value>
                        </mdq:DQ_QuantitativeResult>
                    </mdq:result>
                </mdq:DQ_GriddedDataPositionalAccuracy>
            </accuracy>
            <regionOfValidity>
                <CV_GridPoint>
                    <gmlcov:gridCoord>
                        <gmlcov:CV_GridCoordinates>
                            <gmlcov:coordValues>PointLongitude: -84.68507
                            PointLatitude: 12.16687</gmlcov:coordValues>
                        </gmlcov:CV_GridCoordinates>
                    </gmlcov:gridCoord>
                </CV_GridPoint>
                <CV_GridPoint>
                    <gmlcov:gridCoord>
                        <gmlcov:CV_GridCoordinates>
                            <gmlcov:coordValues>PointLongitude: -86.68507
                            PointLatitude: 11.16687</gmlcov:coordValues>
                        </gmlcov:CV_GridCoordinates>
                    </gmlcov:gridCoord>
                </CV_GridPoint>
                <CV_GridPoint>
                    <gmlcov:gridCoord>
                        <gmlcov:CV_GridCoordinates>
                            <gmlcov:coordValues>PointLongitude: -87.68507
                            PointLatitude: 13.16687</gmlcov:coordValues>
                        </gmlcov:CV_GridCoordinates>
                    </gmlcov:gridCoord>
                </CV_GridPoint>
                <CV_GridPoint>
                    <gmlcov:gridCoord>
                        <gmlcov:CV_GridCoordinates>
                            <gmlcov:coordValues>PointLongitude: -88.68507
                            PointLatitude: 14.16687</gmlcov:coordValues>
                        </gmlcov:CV_GridCoordinates>
                    </gmlcov:gridCoord>
                </CV_GridPoint>
            </regionOfValidity>
            <fitAsGrid>
                <SD_TRMAsGrid>
                    <msr:collectionIdentification>
                        <gco:Integer>1</gco:Integer>
                    </msr:collectionIdentification>
                    <msr:collectionName>
                        <gco:CharacterString>Landsat_8_OLI_TIRS_C1</gco:CharacterString>
                    </msr:collectionName>
                    <msr:coordinateReferenceSystem>
                        <mrs:MD_ReferenceSystem>
                            <mrs:referenceSystemIdentifier>
                                <mcc:MD_Identifier>
                                    <mcc:code>
                                        <mrs:MD_ReferenceSystemTypeCode codeList="compoundGeographic2DVertical" codeListValue="EPSG:4326"/>
                                    </mcc:code>
                                </mcc:MD_Identifier>
                            </mrs:referenceSystemIdentifier>
                        </mrs:MD_ReferenceSystem>
                    </msr:coordinateReferenceSystem>
                    <msr:gcp>
                        <msr:MI_GCP>
                            <msr:geographicCoordinates>
                                <gml:Point>
                                    <gml:coordinates>38.9198140 -76.4661200</gml:coordinates>
                                </gml:Point>
                            </msr:geographicCoordinates>
                        </msr:MI_GCP>
                    </msr:gcp>
                    <dimension>
                        <gco:Integer>3</gco:Integer>
                    </dimension>
                    <interpolation>
                        <CV_InterpolationMethod codeList="interpolationType" codeListValue="cubic">cubic</CV_InterpolationMethod>
                    </interpolation>
                </SD_TRMAsGrid>
            </fitAsGrid>
            <controlPointRepository>
                <SD_GCPRepository>
                    <accessInformation>
                        <cit:CI_Contact>
                            <cit:onlineResource>
                                <cit:CI_OnlineResource>
                                    <cit:linkage>
                                        <gco:CharacterString>https://landsat.usgs.gov/gcp</gco:CharacterString>
                                    </cit:linkage>
                                </cit:CI_OnlineResource>
                            </cit:onlineResource>
                        </cit:CI_Contact>
                    </accessInformation>
                    <accessRestricted>
                        <gco:Boolean>false</gco:Boolean>
                    </accessRestricted>
                </SD_GCPRepository>
            </controlPointRepository>
        </SD_TrueReplacementModel>
    </trueReplacementModel>
    <sensorDataModeling/>
    <sensorManufacturer/>
</SE_SensorModel>
