<?xml version="1.0" encoding="UTF-8"?>
<mdb:MD_Metadata xmlns:xsi="http://www.w3.org/2001/XMLSchema-instance"
 xsi:schemaLocation="http://standards.iso.org/iso/19115/-3/mds/1.0 ../../mds/1.0/mds.xsd" 
 xmlns:mdb="http://schemas.isotc211.org/19115/-3/mdb/1.0" 
 xmlns:gco="http://schemas.isotc211.org/19115/-3/gco/1.0"
 xmlns:mrc="http://schemas.isotc211.org/19115/-3/mrc/1.0"
 xmlns:gfc="http://schemas.isotc211.org/19110/gfc/1.1">
   <mdb:metadataIdentifier></mdb:metadataIdentifier>
   <mdb:contact></mdb:contact>
   <mdb:dateInfo></mdb:dateInfo>
   <mdb:spatialRepresentationInfo></mdb:spatialRepresentationInfo>
   <mdb:identificationInfo></mdb:identificationInfo>
   <mdb:contentInfo>
      <mrc:MD_FeatureCatalogueDescription>
         <mrc:featureCatalogueCitation></mrc:featureCatalogueCitation>
      </mrc:MD_FeatureCatalogueDescription>
   </mdb:contentInfo>
   <mdb:contentInfo>
      <mrc:MD_FeatureCatalogue>
         <mrc:featureCatalogue>
            <gfc:FC_FeatureCatalogue>
               <gfc:producer></gfc:producer>
            </gfc:FC_FeatureCatalogue>
         </mrc:featureCatalogue>
      </mrc:MD_FeatureCatalogue>
   </mdb:contentInfo>
   <mdb:contentInfo>
      <mrc:MD_CoverageDescription>
         <mrc:attributeDescription></mrc:attributeDescription>
         <mrc:attributeGroup>
            
            <mrc:MD_AttributeGroup>
               <mrc:contentType>
                  <mrc:MD_CoverageContentTypeCode codeList="" 
                     codeListValue=""/>
               </mrc:contentType>
               
               
               <!-- Invalid for rule.mrc.sampledimension -->
               <mrc:attribute>
                  <mrc:MD_SampleDimension>
                     <mrc:maxValue>
                        <gco:Real></gco:Real>
                     </mrc:maxValue>
                  </mrc:MD_SampleDimension>
               </mrc:attribute>
               <mrc:attribute>
                  <mrc:MD_SampleDimension>
                     
                  </mrc:MD_SampleDimension>
               </mrc:attribute>
               
               
               <!-- Invalid for rule.mrc.bandunit -->
               <mrc:attribute>
                  <mrc:MD_Band>
                     <mrc:boundMin>
                        <gco:Real>0</gco:Real>
                     </mrc:boundMin>
                     <mrc:boundMax>
                        <gco:Real>1.0</gco:Real>
                     </mrc:boundMax>
                  </mrc:MD_Band>
               </mrc:attribute>
            </mrc:MD_AttributeGroup>
         </mrc:attributeGroup>
      </mrc:MD_CoverageDescription>
   </mdb:contentInfo>
</mdb:MD_Metadata>
