<?xml version="1.0" encoding="UTF-8"?>
<smi:SD_SensorModel 
    xmlns:smi="https://schemas.isotc211.org/19130/-3/smi/1.0" 
    xmlns:xsi="http://www.w3.org/2001/XMLSchema-instance" 
    xmlns:sml="http://www.opengis.net/sensorml/2.0" 
    xmlns:swe="http://www.opengis.net/swe/2.0" 
    xmlns:gml="http://www.opengis.net/gml/3.2" 
    xmlns:gco="http://standards.iso.org/iso/19115/-3/gco/1.0" 
    xmlns:gcx="http://standards.iso.org/iso/19115/-3/gcx/1.0" 
    xmlns:cit="http://standards.iso.org/iso/19115/-3/cit/2.0" 
    xmlns:mcc="http://standards.iso.org/iso/19115/-3/mcc/1.0" 
    xmlns:mrs="http://standards.iso.org/iso/19115/-3/mrs/1.0" 
    xmlns:msr="http://standards.iso.org/iso/19115/-3/msr/2.0" 
    xmlns:mdq="http://standards.iso.org/iso/19157/-2/mdq/1.0" 
    xmlns:gmlcov="http://www.opengis.net/gmlcov/1.0"
    xmlns:rbc="https://schemas.isotc211.org/19111/-2/rbc/1.0"
    xmlns:mac="http://standards.iso.org/iso/19115/-3/mac/2.0"
    xsi:schemaLocation="../../../../19130/-3/smi/1.0 ./smi.xsd">
    
    <smi:forImageId>
        <sml:identifier>
            <sml:Term>
                <sml:label>imageID</sml:label>
                <sml:value>LC80150532020003LGN00</sml:value>
            </sml:Term>
        </sml:identifier>
    </smi:forImageId>
    
    <smi:trueReplacementModel>
        <smi:SD_TrueReplacementModel>
            <smi:accuracy>
                <mdq:DQ_GriddedDataPositionalAccuracy>
                    <mdq:result>
                        <mdq:DQ_QuantitativeResult>
                            <mdq:value>
                                <gco:Record>
                                    <gco:field>
                                        <gco:Field>       
                                            <gco:value>
                                                <gco:CharacterString>393000e1.+00</gco:CharacterString>
                                            </gco:value>
                                            <gco:type>
                                                <gco:FieldType>
                                                    <gco:fieldName>
                                                        <gco:CharacterString>absoluteCalibrationConstant</gco:CharacterString>
                                                    </gco:fieldName>
                                                    <gco:fieldType>
                                                        <gco:TypeName>
                                                            <gco:aName>
                                                                <gco:CharacterString>double</gco:CharacterString>
                                                            </gco:aName>
                                                        </gco:TypeName>
                                                    </gco:fieldType>
                                                </gco:FieldType>
                                            </gco:type>
                                        </gco:Field>
                                    </gco:field>
                                    
                                </gco:Record>
                               </mdq:value>
                        </mdq:DQ_QuantitativeResult>
                    </mdq:result>
                </mdq:DQ_GriddedDataPositionalAccuracy>
            </smi:accuracy>
            <smi:regionOfValidity>
                <smi:CV_GridPoint>
                    <gmlcov:gridCoord>
                        <gmlcov:CV_GridCoordinates>
                        <gmlcov:coordValues>PointLongitude: -84.68507
                            PointLatitude: 11.16687</gmlcov:coordValues>
                        </gmlcov:CV_GridCoordinates>
                    </gmlcov:gridCoord> 
                </smi:CV_GridPoint>
                <smi:CV_GridPoint>
                    <gmlcov:gridCoord>
                        <gmlcov:CV_GridCoordinates>
                            <gmlcov:coordValues>PointLongitude: -82.98286
                            PointLatitude: 10.80635</gmlcov:coordValues>
                            </gmlcov:CV_GridCoordinates>
                    </gmlcov:gridCoord>                           
                </smi:CV_GridPoint>
                <smi:CV_GridPoint>
                    <gmlcov:gridCoord>
                        <gmlcov:CV_GridCoordinates>
                            <gmlcov:coordValues> PointLongitude: -83.36406
                            PointLatitude: 9.06862</gmlcov:coordValues>
                        </gmlcov:CV_GridCoordinates>
                    </gmlcov:gridCoord>
                </smi:CV_GridPoint>
                <smi:CV_GridPoint>
                    <gmlcov:gridCoord>
                        <gmlcov:CV_GridCoordinates>
                            <gmlcov:coordValues>  PointLongitude: -85.05687
                                PointLatitude: 9.43177</gmlcov:coordValues>
                        </gmlcov:CV_GridCoordinates>
                    </gmlcov:gridCoord>   
                </smi:CV_GridPoint>
                <smi:CV_GridPoint>
                    <gmlcov:gridCoord>
                        <gmlcov:CV_GridCoordinates>
                            <gmlcov:coordValues>   PointLongitude: -84.02152
                                PointLatitude: 10.12223</gmlcov:coordValues>
                        </gmlcov:CV_GridCoordinates>
                    </gmlcov:gridCoord>          
                </smi:CV_GridPoint>
            </smi:regionOfValidity>
                       
            <smi:fitAsGrid>
                
                <smi:SD_TRMAsGrid>
                    <msr:gcp>
                        <msr:MI_GCP>
                            <msr:geographicCoordinates>
                                <gml:Point>
                                    <gml:coordinates>
                                        38.9198140 -76.4661200
                                    </gml:coordinates>
                                </gml:Point>
                            </msr:geographicCoordinates>
                        </msr:MI_GCP>
                        
                    </msr:gcp>
                    
                    <msr:collectionIdentification>
                        <gco:Integer>1</gco:Integer>
                    </msr:collectionIdentification>
                    <msr:collectionName>
                        <gco:CharacterString>Landsat_8_OLI_TIRS_C1</gco:CharacterString>
                    </msr:collectionName>
                    
                    <msr:coordinateReferenceSystem>
                        <mrs:MD_ReferenceSystem>
                            <mrs:referenceSystemIdentifier>
                                <mcc:MD_Identifier >
                                    <mcc:code>
                                        <mrs:MD_ReferenceSystemTypeCode codeList="compoundGeographic2DVertical" codeListValue="EPSG:4326"/>
                                    </mcc:code>
                                </mcc:MD_Identifier>
                            </mrs:referenceSystemIdentifier>
                        </mrs:MD_ReferenceSystem>
                    </msr:coordinateReferenceSystem>
                    
                    <smi:dimension>
                        <gco:Integer>3</gco:Integer>
                    </smi:dimension>
                    <!-- check if smi:interpolation should be a codelist -->
                    <smi:interpolation>cubic</smi:interpolation>
                    
                </smi:SD_TRMAsGrid>
                
            </smi:fitAsGrid>
            <smi:controlPointRepository>
                <smi:SD_GCPRepository>
                    <smi:accessInformation>
                        <cit:CI_Contact>
                            <cit:onlineResource>
                                <cit:CI_OnlineResource>
                                    <cit:linkage>
                                        <gco:CharacterString>https://landsat.usgs.gov/gcp</gco:CharacterString>
                                    </cit:linkage>
                                </cit:CI_OnlineResource>
                            </cit:onlineResource>
                        </cit:CI_Contact>      
                    </smi:accessInformation>
                    <smi:accessRestricted>
                        <gco:Boolean>true</gco:Boolean>
                    </smi:accessRestricted>     
                </smi:SD_GCPRepository>
            </smi:controlPointRepository>                   
        </smi:SD_TrueReplacementModel>   
    </smi:trueReplacementModel>  
</smi:SD_SensorModel>