<?xml version="1.0" encoding="UTF-8"?>
<smi:SE_SensorModel 
    xmlns:smi="https://schemas.isotc211.org/19130/-3/smi/1.0" 
    xmlns:xsi="http://www.w3.org/2001/XMLSchema-instance" 
    xmlns:sml="http://www.opengis.net/sensorml/2.0" 
    xmlns:swe="http://www.opengis.net/swe/2.0" 
    xmlns:gml="http://www.opengis.net/gml/3.2" 
    xmlns:gco="http://standards.iso.org/iso/19115/-3/gco/1.0" 
    xmlns:gcx="http://standards.iso.org/iso/19115/-3/gcx/1.0" 
    xmlns:cit="http://standards.iso.org/iso/19115/-3/cit/2.0" 
    xmlns:mcc="http://standards.iso.org/iso/19115/-3/mcc/1.0" 
    xmlns:mrs="http://standards.iso.org/iso/19115/-3/mrs/1.0" 
    xmlns:msr="http://standards.iso.org/iso/19115/-3/msr/2.0" 
    xmlns:mdq="http://standards.iso.org/iso/19157/-2/mdq/1.0" 
    xmlns:gmlcov="http://www.opengis.net/gmlcov/1.0"
    xmlns:rbc="https://schemas.isotc211.org/19111/-2/rbc/1.0"
    xmlns:mac="http://standards.iso.org/iso/19115/-3/mac/2.0"
    xsi:schemaLocation="../../../../19130/-3/smi/1.0 ./smi.xsd">
    <smi:forImageId>
        <sml:identifier>
            <sml:Term>
                <sml:label>imageID</sml:label>
                <sml:value>s1b-iw1-slc-vh-20190730t004009-20190730t004023-017356-020a31-001</sml:value>
            </sml:Term>
        </sml:identifier>
    </smi:forImageId>
    
    <smi:physicalSensorModel>
        <smi:SD_PhysicalSensorModel>
            <smi:regionOfValidity>
                <smi:CV_GridPoint>
                    <gmlcov:gridCoord>
                        <gmlcov:CV_GridCoordinates><gmlcov:coordValues>-9.938113301744562e+01,2.032876894515828e+01</gmlcov:coordValues></gmlcov:CV_GridCoordinates>
                    </gmlcov:gridCoord>
                </smi:CV_GridPoint>
                <smi:CV_GridPoint>
                    <gmlcov:gridCoord>
                        <gmlcov:CV_GridCoordinates><gmlcov:coordValues>-9.876913429911600e+01,2.132332113055814e+0</gmlcov:coordValues></gmlcov:CV_GridCoordinates>
                    </gmlcov:gridCoord>
                </smi:CV_GridPoint>
                <smi:CV_GridPoint>
                    <gmlcov:gridCoord>
                        <gmlcov:CV_GridCoordinates>
                            <gmlcov:coordValues>-9.880698112293788e+01,2.131655145344838e+01</gmlcov:coordValues>
                        </gmlcov:CV_GridCoordinates>
                    </gmlcov:gridCoord>
                </smi:CV_GridPoint>               
            </smi:regionOfValidity>
            
            <smi:sensorInformation>
                <smi:SD_SensorParameters>         
                    <smi:offsetAndOrientation>
                        <smi:SD_PositionAndOrientation>
                            <smi:CRS>
                                <rbc:RS_CRS>
                                    <rbc:definition/>
                                </rbc:RS_CRS>
                            </smi:CRS>
                            <smi:dynamics>              
                                <smi:SD_Dynamics>
                                    <smi:angularAcceleration>
                                        <swe:Quantity>
                                            <swe:uom/>
                                            <swe:value>1.590368784000000e+00</swe:value>
                                        </swe:Quantity>
                                        <!-- This property is the azimuthSteeringRate in Sentinel 1 image -->
                                    </smi:angularAcceleration>
                                    <smi:attitude>
                                        <smi:SD_MatrixAttitude>
                                            <!-- It is calculated by using https://www.andre-gaschler.com/rotationconverter/ -->
                                            <!-- The sequence of rotation axes is YXZ. -->
                                            <!-- <attitudeList count="15"><attitude><time>2019-07-30T00:40:09.874998</time><frame>GM2000</frame><q0>-5.084759e-01</q0><q1>-3.818373e-01</q1><q2>6.496271e-01</q2><q3>4.166979e-01</q3><wx>6.717978249071166e-05</wx><wy>-9.266426786780357e-04</wy><wz>-5.129589117132127e-04</wz>
<roll>-4.148510795651129e+00</roll><pitch>7.894170350724507e+01</pitch><yaw>1.112276773932129e+02</yaw></attitude>-->
                                            <smi:matrixElements>
                                                <smi:r1c1>
                                                    <gco:Real>-0.1356302</gco:Real>
                                                </smi:r1c1>
                                                <smi:r1c2>
                                                    <gco:Real>-0.1530864</gco:Real>
                                                </smi:r1c2>
                                                <smi:r1c3>
                                                    <gco:Real>-0.9788611</gco:Real>
                                                </smi:r1c3>
                                                <smi:r2c1>
                                                    <gco:Real>0.9297066</gco:Real>
                                                </smi:r2c1>
                                                <smi:r2c2>
                                                    <gco:Real>-0.3611262</gco:Real>
                                                </smi:r2c2>
                                                <smi:r2c3>
                                                    <gco:Real>-0.0723420</gco:Real>
                                                </smi:r2c3>
                                                <smi:r3c1>
                                                    <gco:Real>-0.3424179</gco:Real>
                                                </smi:r3c1>
                                                <smi:r3c2>
                                                    <gco:Real>-0.9198654</gco:Real>
                                                </smi:r3c2>
                                                <smi:r3c3>
                                                    <gco:Real>0.1913051</gco:Real>
                                                </smi:r3c3>
                                            </smi:matrixElements>
                                        </smi:SD_MatrixAttitude>
                                    </smi:attitude>                                   
                                    <smi:dateTime>
                                        <gco:DateTime>2019-07-30T03:19:28</gco:DateTime>
                                    </smi:dateTime>
                                </smi:SD_Dynamics>
                            </smi:dynamics> 
                            
                            <smi:position>
                                <smi:SD_EarthMeasuredLocation>
                                    <smi:navigationalConfidence>
                                        <mdq:DQ_AbsoluteExternalPositionalAccuracy>
                                            <mdq:result/>
                                        </mdq:DQ_AbsoluteExternalPositionalAccuracy> 
                                    </smi:navigationalConfidence>
                                    <smi:timeOfMeasurement>
                                        <gco:DateTime>2019-07-30T03:19:28</gco:DateTime>
                                    </smi:timeOfMeasurement>
                                    <!-- check if smi:position be of a type="XY_AbcDef_PropertyType" -->
                                    <smi:position>000</smi:position>
                                </smi:SD_EarthMeasuredLocation>
                            </smi:position>
                           
                            <smi:platform>
                                <smi:SD_PlatformParameters>
                                    <smi:dynamics>
                                        <smi:SD_PlatformDynamics>
                                            <smi:dateTime/>
                                            <smi:trueHeading>
                                                <!-- UoM should be degrees or radian or ... -->
                                                <gco:Angle uom="1">-1.224969159628476e+01</gco:Angle>
                                            </smi:trueHeading>
                                            <smi:yaw>
                                                <!-- UoM should be degrees or radian or ... -->
                                                <gco:Angle uom="1">1.112276773932129e+02</gco:Angle>
                                            </smi:yaw>
                                        </smi:SD_PlatformDynamics>
                                    </smi:dynamics>
                                    <smi:observedPosition>
                                        <smi:SD_EarthMeasuredLocation>
                                            <smi:timeOfMeasurement>
                                                <gco:DateTime>2019-07-30T03:19:28</gco:DateTime>
                                            </smi:timeOfMeasurement>
                                            <!-- check if smi:position be of a type="XY_AbcDef_PropertyType" -->
                                            <smi:position>000</smi:position>
                                        </smi:SD_EarthMeasuredLocation> 
                                    </smi:observedPosition>
                                    <smi:platformIdentification>
                                        <mac:MI_Platform>
                                            <mac:identifier>
                                                <mcc:MD_Identifier>
                                                    <mcc:code>
                                                        <gco:CharacterString>Sentinel-1</gco:CharacterString>
                                                    </mcc:code>
                                                </mcc:MD_Identifier>
                                            </mac:identifier>
                                            <mac:description/>
                                            <mac:instrument>
                                                <mac:MI_Instrument>
                                                    <mac:identifier>
                                                        <mcc:MD_Identifier>
                                                            <mcc:code>
                                                                <gco:CharacterString>IW</gco:CharacterString>
                                                            </mcc:code>
                                                        </mcc:MD_Identifier>
                                                    </mac:identifier>
                                                    <mac:type>
                                                        <gco:CharacterString>Interferometric Wide Swath</gco:CharacterString>
                                                    </mac:type>
                                                </mac:MI_Instrument>
                                            </mac:instrument>
                                        </mac:MI_Platform>
                                    </smi:platformIdentification>
                                </smi:SD_PlatformParameters>
                            </smi:platform>
                        </smi:SD_PositionAndOrientation>
                    </smi:offsetAndOrientation>
                    <smi:operationalMode>
                        <gco:CharacterString>iW, Interferometric Wide Swath</gco:CharacterString>
                    </smi:operationalMode>
                    <smi:detector>
                        <smi:SD_DetectorArray>
                            <smi:arrayDimensions>
                                <smi:SD_ArrayDimension>
                                    <smi:name>
                                        <msr:MD_DimensionNameTypeCode 
                                            codeList="http://www.isotc211.org/2005/resources/Codelist/gmxCodelists.xml#MD_DimensionNameTypeCode" 
                                            codeListValue="row">row</msr:MD_DimensionNameTypeCode>
                                    </smi:name>
                                    <smi:size>
                                        <gco:Integer>11383</gco:Integer>
                                    </smi:size>
                                </smi:SD_ArrayDimension>
                                <smi:SD_ArrayDimension>
                                    <smi:name>
                                        <msr:MD_DimensionNameTypeCode 
                                            codeList="http://www.isotc211.org/2005/resources/Codelist/gmxCodelists.xml#MD_DimensionNameTypeCode" 
                                            codeListValue="column">column</msr:MD_DimensionNameTypeCode>
                                    </smi:name>
                                    <smi:size>
                                        <gco:Integer>25171</gco:Integer>
                                    </smi:size>
                                </smi:SD_ArrayDimension>
                            </smi:arrayDimensions>
                            <!-- check if smi:arrayOrigin be of a type="XY_AbcDef_PropertyType" -->
                            <smi:arrayOrigin>
                                -6.268154000450000e+06 -1.556287232414000e+06
                            </smi:arrayOrigin>
                            <smi:detectorShape>
                                <!-- check if smi:SD_ShapeCode should be a codelist -->
                               <smi:SD_ShapeCode>square</smi:SD_ShapeCode>
                            </smi:detectorShape>
                            <smi:detectorSize>
                                <smi:Length>
                                    <!-- https://www.esa.int/Applications/Observing_the_Earth/Copernicus/Sentinel-1/Instrument -->
                                    <gco:Length uom="meter">12</gco:Length>
                                </smi:Length>
    
                            </smi:detectorSize>
                            <smi:numberOfDimensions>                                
                                <gco:Integer>2</gco:Integer>
                            </smi:numberOfDimensions>     
                            <smi:offsetVectors>
                                <smi:Vector referenceFrame="EarthFixed">
                                    <swe:coordinate name="offset">
                                        <swe:Quantity>
                                            <swe:uom/>
                                            <swe:value>59875</swe:value>
                                        </swe:Quantity>
                                    </swe:coordinate>
                                </smi:Vector>
                            </smi:offsetVectors>        
                        </smi:SD_DetectorArray>
                    </smi:detector>   
                    
                    <smi:gsdProperties>
                        <!-- https://d18me4youk6849.cloudfront.net/s3-100bea5134480c50277aca3226e65230/S1B_IW_SLC__1SDV_20190730T004007_20190730T004025_017356_020A31_D05E.iso.xml?RequestId=2W0Scpx5aw0CuryCrd7Z-RRWR_HmYWro33DtIxOB_J6rGB5x_MN4Fg==&Expires=1583747794 -->
                        <smi:SD_GSD>                        
                            <smi:columnSpacing>
                                <gco:Distance uom="meter">2.330</gco:Distance>
                            </smi:columnSpacing>
                            <smi:gsdCRS>
                                <mrs:MD_ReferenceSystem>
                                    <mrs:referenceSystemIdentifier>
                                        <mcc:MD_Identifier>
                                            <mcc:code>
                                                <gco:CharacterString>Reference System</gco:CharacterString>
                                            </mcc:code>
                                        </mcc:MD_Identifier>
                                    </mrs:referenceSystemIdentifier>
                                </mrs:MD_ReferenceSystem>
                            </smi:gsdCRS>                           
                            <smi:referenceSurface>
                                <!-- check if smi:SD_SurfaceCode should be a codelist -->
                                <smi:SD_SurfaceCode>ground</smi:SD_SurfaceCode>
                            </smi:referenceSurface>                          
                            <smi:rowSpacing>
                                <gco:Distance uom="meter">14.007</gco:Distance>
                            </smi:rowSpacing>                            
                        </smi:SD_GSD>
                    </smi:gsdProperties>                  
                    <smi:identification>
                        <smi:SD_Sensor>
                            <mac:identifier>
                                <mcc:MD_Identifier>
                                    <mcc:code>
                                        <gco:CharacterString>C-SAR</gco:CharacterString>
                                    </mcc:code>
                                </mcc:MD_Identifier>
                            </mac:identifier>
                            <mac:type>
                                <gco:CharacterString>
                                    C-band Synthetic Aperture Radar
                                </gco:CharacterString>
                            </mac:type>
                            <smi:calibration>
                                <smi:SD_Calibration>
                                    <smi:calibrationAgency>
                                        <cit:CI_Responsibility>
                                            <cit:role>
                                                <cit:CI_RoleCode codeList="http://www.isotc211.org/2005/resources/Codelist/gmxCodelists.xml#CI_RoleCode" 
                                                    codeListValue="processor">processor</cit:CI_RoleCode>
                                            </cit:role>
                                            <cit:party>
                                                <cit:CI_Organisation>
                                                    <cit:name>
                                                        <gco:CharacterString>ESA</gco:CharacterString>
                                                    </cit:name>
                                                </cit:CI_Organisation>
                                            </cit:party>
                                        </cit:CI_Responsibility>
                                    </smi:calibrationAgency>
                                    <smi:calibrationDate/>
                                </smi:SD_Calibration>
                            </smi:calibration>
                        </smi:SD_Sensor>
                    </smi:identification>   
                    
                    <smi:systemAndOperation>
                        <smi:SE_SAROperation>
                            <smi:collectionStartTime>
                                <gco:DateTime>2019-07-30T00:40:07.493268Z</gco:DateTime>
                            </smi:collectionStartTime>
                            <smi:collectionEndTime>
                                <gco:DateTime>2019-07-30T00:40:25.335497Z</gco:DateTime>
                            </smi:collectionEndTime>                         
                            <!-- check if smi:grpPosition be of a type="XY_AbcDef_PropertyType" -->
                            <smi:grpPosition>
                                2.033676575195040e+01 -9.933794692601427e+01
                            </smi:grpPosition>                         
                            <smi:orientation>
                                <!-- check if smi:SD_SAROrientationCode should be a codelist -->
                                <smi:SD_SAROrientationCode>right</smi:SD_SAROrientationCode>
                            </smi:orientation>
                            <smi:collectionMode>
                                <!-- check if smi:SE_SARCollectionMode should be a codelist -->
                                <smi:SE_SARCollectionMode>scan</smi:SE_SARCollectionMode>
                            </smi:collectionMode>                          
                        </smi:SE_SAROperation>
                    </smi:systemAndOperation>
                </smi:SD_SensorParameters>
            </smi:sensorInformation>
            
            <smi:controlPointRespository>
                <smi:SD_GCPRepository>
                    <smi:accessInformation>
                        <cit:CI_Contact>
                            <cit:onlineResource>
                                <cit:CI_OnlineResource>
                                    <cit:linkage>
                                        <gco:CharacterString>
                                            https://sentinel.esa.int/web/sentinel/technical-guides/sentinel-3-synergy/level-1/shift-estimation-at-ground-control-points
                                        </gco:CharacterString>
                                    </cit:linkage>
                                </cit:CI_OnlineResource>
                            </cit:onlineResource>
                        </cit:CI_Contact>
                    </smi:accessInformation>
                    <smi:accessRestricted>
                        <gco:Boolean>true</gco:Boolean>
                    </smi:accessRestricted>     
                    <smi:controlPoints>
                        <msr:MI_GCPCollection>
                            <msr:gcp>
                                <msr:MI_GCP>
                                    <msr:geographicCoordinates>
                                        <gml:Point>
                                            <gml:coordinates>-9.938113301e+01 2.0079287942e+02</gml:coordinates>
                                        </gml:Point>
                                    </msr:geographicCoordinates>
                                </msr:MI_GCP>
                            </msr:gcp>
                            <msr:gcp>
                                <msr:MI_GCP>
                                    <msr:geographicCoordinates>
                                        <gml:Point>
                                            <gml:coordinates>-9.9381133422e+01 2.0079286754e+02</gml:coordinates>
                                        </gml:Point>
                                    </msr:geographicCoordinates>
                                </msr:MI_GCP>
                            </msr:gcp>
                            <msr:collectionIdentification>
                                <gco:Integer>4512</gco:Integer>
                            </msr:collectionIdentification>
                            <msr:collectionName>
                                <gco:CharacterString>gcpCollection-s1b-iw1-slc-vh-20190730t004009-20190730t004023-017356-020a31-001</gco:CharacterString>
                            </msr:collectionName>
                            <msr:coordinateReferenceSystem>
                                <mrs:MD_ReferenceSystem>
                                    <mrs:referenceSystemIdentifier>
                                        <mcc:MD_Identifier>
                                            <mcc:code>
                                                <msr:MD_PixelOrientationCode>centre</msr:MD_PixelOrientationCode>
                                            </mcc:code>
                                        </mcc:MD_Identifier>
                                    </mrs:referenceSystemIdentifier>
                                </mrs:MD_ReferenceSystem>
                            </msr:coordinateReferenceSystem>
                        </msr:MI_GCPCollection>
                    </smi:controlPoints>
                </smi:SD_GCPRepository>                
            </smi:controlPointRespository>         
        </smi:SD_PhysicalSensorModel> 
    </smi:physicalSensorModel>
    
    <smi:sensorDataModeling>
        <smi:SE_DataModelingMethod>notApplicable</smi:SE_DataModelingMethod>
    </smi:sensorDataModeling>

    <smi:sensorManufacturer>
        <gco:CharacterString>EADS Astrium GmbH of Germany</gco:CharacterString>
    </smi:sensorManufacturer>
</smi:SE_SensorModel>