<?xml version="1.0" encoding="UTF-8"?>
<SE_SensorModel 
    xmlns="https://schemas.isotc211.org/19130/-3/smi/1.0" 
    xmlns:xsi="http://www.w3.org/2001/XMLSchema-instance" 
    xmlns:sml="http://www.opengis.net/sensorml/2.0" 
    xmlns:swe="http://www.opengis.net/swe/2.0" 
    xmlns:gml="http://www.opengis.net/gml/3.2" 
    xmlns:gco="http://standards.iso.org/iso/19115/-3/gco/1.0" 
    xmlns:gcx="http://standards.iso.org/iso/19115/-3/gcx/1.0" 
    xmlns:cit="http://standards.iso.org/iso/19115/-3/cit/2.0" 
    xmlns:mcc="http://standards.iso.org/iso/19115/-3/mcc/1.0" 
    xmlns:mrs="http://standards.iso.org/iso/19115/-3/mrs/1.0" 
    xmlns:msr="http://standards.iso.org/iso/19115/-3/msr/1.0" 
    xmlns:mdq="http://standards.iso.org/iso/19157/-2/mdq/1.1" 
    xsi:schemaLocation="../../../../19130/-3/smi/1.0 ./smi.xsd">
    
    <forImageId>
        <identifier xmlns="http://www.opengis.net/sensorml/2.0">
            <Term>
                <label>imageID</label>
                <value>s1b-iw1-slc-vh-20190730t004009-20190730t004023-017356-020a31-001</value>
            </Term>
        </identifier>
    </forImageId>
    
    <physicalSensorModel>
        <SD_PhysicalSensorModel>
            <regionOfValidity>
                <CV_GridPoint>
                    <gridCoord xmlns="https://schemas.isotc211.org/19123/-1/cis">
                        <coordValues>-9.938113301744562e+01,2.032876894515828e+01</coordValues>
                    </gridCoord>
                </CV_GridPoint>
                <CV_GridPoint>
                    <gridCoord xmlns="https://schemas.isotc211.org/19123/-1/cis">
                        <coordValues>-9.876913429911600e+01,2.132332113055814e+0</coordValues>
                    </gridCoord>
                </CV_GridPoint>
                <CV_GridPoint>
                    <gridCoord xmlns="https://schemas.isotc211.org/19123/-1/cis">
                        <coordValues>-9.880698112293788e+01,2.131655145344838e+01</coordValues>
                    </gridCoord>
                </CV_GridPoint>               
            </regionOfValidity>
            
            <sensorInformation>
                <SD_SensorParameters>          
                    <offsetAndOrientation>
                        <SD_PositionAndOrientation>
                            <CRS>
                                <RS_CRS xmlns="https://schemas.isotc211.org/19111/-2/rbc">
                                    <definition/>
                                </RS_CRS>
                            </CRS>
                            <dynamics>              
                                <SD_Dynamics>
                                    <angularAcceleration>
                                        <swe:Quantity>
                                            <swe:uom/>
                                            <swe:value>
                                                1.590368784000000e+00
                                            </swe:value>
                                        </swe:Quantity>
                                        <!-- This property is the azimuthSteeringRate in Sentinel 1 image -->
                                    </angularAcceleration>
                                    <attitude>
                                        <SD_MatrixAttitude>
                                            <!-- It is calculated by using https://www.andre-gaschler.com/rotationconverter/ -->
                                            <!-- The sequence of rotation axes is YXZ. -->
                                            <!-- <attitudeList count="15"><attitude><time>2019-07-30T00:40:09.874998</time><frame>GM2000</frame><q0>-5.084759e-01</q0><q1>-3.818373e-01</q1><q2>6.496271e-01</q2><q3>4.166979e-01</q3><wx>6.717978249071166e-05</wx><wy>-9.266426786780357e-04</wy><wz>-5.129589117132127e-04</wz>
<roll>-4.148510795651129e+00</roll><pitch>7.894170350724507e+01</pitch><yaw>1.112276773932129e+02</yaw></attitude>-->
                                            <matrixElements>
                                                <r1c1>
                                                    <Real xmlns="https://schemas.isotc211.org/19103/-/gco">-0.1356302</Real>
                                                </r1c1>
                                                <r1c2>
                                                    <Real xmlns="https://schemas.isotc211.org/19103/-/gco">-0.1530864</Real>
                                                </r1c2>
                                                <r1c3>
                                                    <Real xmlns="https://schemas.isotc211.org/19103/-/gco">-0.9788611</Real>
                                                </r1c3>
                                                <r2c1>
                                                    <Real xmlns="https://schemas.isotc211.org/19103/-/gco">0.9297066</Real>
                                                </r2c1>
                                                <r2c2>
                                                    <Real xmlns="https://schemas.isotc211.org/19103/-/gco">-0.3611262</Real>
                                                </r2c2>
                                                <r2c3>
                                                    <Real xmlns="https://schemas.isotc211.org/19103/-/gco">-0.0723420</Real>
                                                </r2c3>
                                                <r3c1>
                                                    <Real xmlns="https://schemas.isotc211.org/19103/-/gco">-0.3424179</Real>
                                                </r3c1>
                                                <r3c2>
                                                    <Real xmlns="https://schemas.isotc211.org/19103/-/gco">-0.9198654</Real>
                                                </r3c2>
                                                <r3c3>
                                                    <Real xmlns="https://schemas.isotc211.org/19103/-/gco">0.1913051</Real>
                                                </r3c3>
                                            </matrixElements>
                                        </SD_MatrixAttitude>
                                    </attitude>                                   
                                    <dateTime>
                                        <DateTime xmlns="https://schemas.isotc211.org/19103/-/gco">
                                            2019-07-30T03:19:28
                                        </DateTime>
                                    </dateTime>
                                </SD_Dynamics>
                            </dynamics> 
                            
                            <position>
                                <SD_EarthMeasuredLocation>
                                    <navigationalConfidence>
                                        <DQ_AbsoluteExternalPositionalAccuracy xmlns="https://schemas.isotc211.org/19157/-2/mdq">
                                            <result/>
                                        </DQ_AbsoluteExternalPositionalAccuracy> 
                                    </navigationalConfidence>
                                    <timeOfMeasurement>
                                        <DateTime xmlns="https://schemas.isotc211.org/19103/-/gco">2019-07-30T03:19:28</DateTime>
                                    </timeOfMeasurement>
                                    <position>000</position>
                                </SD_EarthMeasuredLocation>
                            </position>
                           
                            <platform>
                                <SD_PlatformParameters>
                                    <dynamics>
                                        <SD_PlatformDynamics>
                                            <dateTime/>
                                            <trueHeading>
                                                <Angle xmlns="https://schemas.isotc211.org/19103/-/gco" uom="1">
                                                    -1.224969159628476e+01
                                                </Angle>
                                            </trueHeading>
                                            <yaw>
                                                <Angle xmlns="https://schemas.isotc211.org/19103/-/gco" uom="1">1.112276773932129e+02</Angle>
                                            </yaw>
                                        </SD_PlatformDynamics>
                                    </dynamics>
                                    <observedPosition>
                                        <SD_EarthMeasuredLocation>
                                            <timeOfMeasurement>
                                                <DateTime xmlns="https://schemas.isotc211.org/19103/-/gco">
                                                    2019-07-30T03:19:28
                                                </DateTime>
                                            </timeOfMeasurement>
                                            <position>000</position>
                                        </SD_EarthMeasuredLocation> 
                                    </observedPosition>
                                    <platformIdentification>
                                        <MI_Platform xmlns="https://schemas.isotc211.org/19115/-2/mac">
                                            <identifier>
                                                <MD_Identifier xmlns="https://schemas.isotc211.org/19115/-1/mcc">
                                                    <code>
                                                        <CharacterString xmlns="https://schemas.isotc211.org/19103/-/gco">Sentinel-1</CharacterString>
                                                    </code>
                                                </MD_Identifier>
                                            </identifier>
                                            <description/>
                                            <instrument>
                                                <MI_Instrument>
                                                    <identifier>
                                                        <MD_Identifier xmlns="https://schemas.isotc211.org/19115/-1/mcc">
                                                            <code>
                                                                <CharacterString xmlns="https://schemas.isotc211.org/19103/-/gco">IW</CharacterString>
                                                            </code>
                                                        </MD_Identifier>
                                                    </identifier>
                                                    <type>
                                                        <CharacterString xmlns="https://schemas.isotc211.org/19103/-/gco">Interferometric Wide Swath</CharacterString>
                                                    </type>
                                                </MI_Instrument>
                                            </instrument>
                                        </MI_Platform>
                                    </platformIdentification>
                                </SD_PlatformParameters>
                            </platform>
                        </SD_PositionAndOrientation>
                    </offsetAndOrientation>
                    <operationalMode>
                        <CharacterString xmlns="https://schemas.isotc211.org/19103/-/gco">iW, Interferometric Wide Swath</CharacterString>
                    </operationalMode>
                    <detector>
                        <SD_DetectorArray>
                            <arrayDimensions>
                                <SD_ArrayDimension>
                                    <name>
                                        <MD_DimensionNameTypeCode xmlns="https://schemas.isotc211.org/19115/-1/msr" 
                                            codeList="http://www.isotc211.org/2005/resources/Codelist/gmxCodelists.xml#MD_DimensionNameTypeCode" 
                                            codeListValue="row">row</MD_DimensionNameTypeCode>
                                    </name>
                                    <size>
                                        <Integer xmlns="https://schemas.isotc211.org/19103/-/gco">11383</Integer>
                                    </size>
                                </SD_ArrayDimension>
                                <SD_ArrayDimension>
                                    <name>
                                        <MD_DimensionNameTypeCode xmlns="https://schemas.isotc211.org/19115/-1/msr" 
                                            codeList="http://www.isotc211.org/2005/resources/Codelist/gmxCodelists.xml#MD_DimensionNameTypeCode" 
                                            codeListValue="column">column</MD_DimensionNameTypeCode>
                                    </name>
                                    <size>
                                        <Integer xmlns="https://schemas.isotc211.org/19103/-/gco">25171</Integer>
                                    </size>
                                </SD_ArrayDimension>
                            </arrayDimensions>
                            <arrayOrigin>
                                -6.268154000450000e+06 -1.556287232414000e+06
                            </arrayOrigin>
                            <detectorShape>
                                <SD_ShapeCode>square</SD_ShapeCode>
                            </detectorShape>
                            <detectorSize>
                                <Length>
                                    <!-- https://www.esa.int/Applications/Observing_the_Earth/Copernicus/Sentinel-1/Instrument -->
                                    <Length xmlns="https://schemas.isotc211.org/19103/-/gco" uom="meter">12</Length>
                                </Length>
    
                            </detectorSize>
                            <numberOfDimensions>                                
                                <Integer xmlns="https://schemas.isotc211.org/19103/-/gco">2</Integer>
                            </numberOfDimensions>     
                            <offsetVectors>
                                <Vector referenceFrame="EarthFixed">
                                    <swe:coordinate name="offset">
                                        <swe:Quantity>
                                            <swe:uom/>
                                            <swe:value>59875</swe:value>
                                        </swe:Quantity>
                                    </swe:coordinate>
                                </Vector>
                            </offsetVectors>        
                        </SD_DetectorArray>
                    </detector>   
                    
                    <gsdProperties>
                        <!-- https://d18me4youk6849.cloudfront.net/s3-100bea5134480c50277aca3226e65230/S1B_IW_SLC__1SDV_20190730T004007_20190730T004025_017356_020A31_D05E.iso.xml?RequestId=2W0Scpx5aw0CuryCrd7Z-RRWR_HmYWro33DtIxOB_J6rGB5x_MN4Fg==&Expires=1583747794 -->
                        <SD_GSD>                           
                            <columnSpacing>
                                <Distance xmlns="https://schemas.isotc211.org/19103/-/gco" uom="meter">2.330</Distance>
                            </columnSpacing>
                            <gsdCRS>
                                <MD_ReferenceSystem xmlns="https://schemas.isotc211.org/19115/-1/mrs">
                                    <referenceSystemIdentifier>
                                        <MD_Identifier xmlns="https://schemas.isotc211.org/19115/-1/mcc">
                                            <code>
                                                <CharacterString xmlns="https://schemas.isotc211.org/19103/-/gco">Reference System</CharacterString>
                                            </code>
                                        </MD_Identifier>
                                    </referenceSystemIdentifier>
                                </MD_ReferenceSystem>
                            </gsdCRS>                           
                            <referenceSurface>
                                <SD_SurfaceCode>ground</SD_SurfaceCode>
                            </referenceSurface>                          
                            <rowSpacing>
                                <Distance xmlns="https://schemas.isotc211.org/19103/-/gco" uom="meter">14.007</Distance>
                            </rowSpacing>                            
                        </SD_GSD>
                    </gsdProperties>                  
                    <identification>
                        <SD_Sensor>
                            <identifier xmlns="https://schemas.isotc211.org/19115/-2/mac">
                                <MD_Identifier xmlns="https://schemas.isotc211.org/19115/-1/mcc">
                                    <code>
                                        <CharacterString xmlns="https://schemas.isotc211.org/19103/-/gco">C-SAR</CharacterString>
                                    </code>
                                </MD_Identifier>
                            </identifier>
                            <type xmlns="https://schemas.isotc211.org/19115/-2/mac">
                                <CharacterString xmlns="https://schemas.isotc211.org/19103/-/gco">
                                    C-band Synthetic Aperture Radar
                                </CharacterString>
                            </type>
                            <calibration>
                                <SD_Calibration>
                                    <calibrationAgency>
                                        <CI_Responsibility xmlns="https://schemas.isotc211.org/19115/-1/cit">
                                            <role>
                                                <CI_RoleCode codeList="http://www.isotc211.org/2005/resources/Codelist/gmxCodelists.xml#CI_RoleCode" 
                                                    codeListValue="processor">processor</CI_RoleCode>
                                            </role>
                                            <party>
                                                <CI_Organisation>
                                                    <name>
                                                        <CharacterString xmlns="https://schemas.isotc211.org/19103/-/gco">ESA</CharacterString>
                                                    </name>
                                                </CI_Organisation>
                                            </party>
                                        </CI_Responsibility>
                                    </calibrationAgency>
                                    <calibrationDate/>
                                </SD_Calibration>
                            </calibration>
                        </SD_Sensor>
                    </identification>   
                    
                    <systemAndOperation>
                        <SE_SAROperation>
                            <collectionStartTime>
                                <DateTime xmlns="https://schemas.isotc211.org/19103/-/gco">2019-07-30T00:40:07.493268Z</DateTime>
                            </collectionStartTime>
                            <collectionEndTime>
                                <DateTime xmlns="https://schemas.isotc211.org/19103/-/gco">2019-07-30T00:40:25.335497Z</DateTime>
                            </collectionEndTime>                         
                            <grpPosition>
                                2.033676575195040e+01 -9.933794692601427e+01
                            </grpPosition>                         
                            <orientation>
                                <SD_SAROrientationCode>right</SD_SAROrientationCode>
                            </orientation>
                            <collectionMode>
                                <SE_SARCollectionMode>scan</SE_SARCollectionMode>
                            </collectionMode>                          
                        </SE_SAROperation>
                    </systemAndOperation>
                </SD_SensorParameters>
            </sensorInformation>
            
            <controlPointRespository>
                <SD_GCPRepository>
                    <accessInformation>
                        <CI_Contact xmlns="https://schemas.isotc211.org/19115/-1/cit">
                            <onlineResource>
                                <CI_OnlineResource>
                                    <linkage>
                                        <CharacterString xmlns="https://schemas.isotc211.org/19103/-/gco">
                                            https://sentinel.esa.int/web/sentinel/technical-guides/sentinel-3-synergy/level-1/shift-estimation-at-ground-control-points
                                        </CharacterString>
                                    </linkage>
                                </CI_OnlineResource>
                            </onlineResource>
                        </CI_Contact>
                    </accessInformation>
                    <accessRestricted>
                        <Boolean xmlns="https://schemas.isotc211.org/19103/-/gco">true</Boolean>
                    </accessRestricted>     
                    <controlPoints>
                        <MI_GCPCollection xmlns="https://schemas.isotc211.org/19115/-1/msr">
                            <gcp>
                                <MI_GCP>
                                    <geographicCoordinates>
                                        <gml:Point>
                                            <gml:coordinates>-9.938113301e+01 2.0079287942e+02</gml:coordinates>
                                        </gml:Point>
                                    </geographicCoordinates>
                                </MI_GCP>
                            </gcp>
                            <gcp>
                                <MI_GCP>
                                    <geographicCoordinates>
                                        <gml:Point>
                                            <gml:coordinates>-9.9381133422e+01 2.0079286754e+02</gml:coordinates>
                                        </gml:Point>
                                    </geographicCoordinates>
                                </MI_GCP>
                            </gcp>
                            <collectionIdentification>
                                <Integer xmlns="https://schemas.isotc211.org/19103/-/gco">4512</Integer>
                            </collectionIdentification>
                            <collectionName>
                                <CharacterString xmlns="https://schemas.isotc211.org/19103/-/gco">gcpCollection-s1b-iw1-slc-vh-20190730t004009-20190730t004023-017356-020a31-001</CharacterString>
                            </collectionName>
                            <coordinateReferenceSystem>
                                <MD_ReferenceSystem xmlns="https://schemas.isotc211.org/19115/-1/mrs">
                                    <referenceSystemIdentifier>
                                        <MD_Identifier xmlns="https://schemas.isotc211.org/19115/-1/mcc">
                                            <code>
                                                <MD_PixelOrientationCode xmlns="https://schemas.isotc211.org/19115/-1/msr">centre</MD_PixelOrientationCode>
                                            </code>
                                        </MD_Identifier>
                                    </referenceSystemIdentifier>
                                </MD_ReferenceSystem>
                            </coordinateReferenceSystem>
                        </MI_GCPCollection>
                    </controlPoints>
                </SD_GCPRepository>                
            </controlPointRespository>         
        </SD_PhysicalSensorModel> 
    </physicalSensorModel>
    
    <sensorDataModeling>
        <SE_DataModelingMethod>notApplicable</SE_DataModelingMethod>
    </sensorDataModeling>

    <sensorManufacturer>
        <CharacterString xmlns="https://schemas.isotc211.org/19103/-/gco">EADS Astrium GmbH of Germany</CharacterString>
    </sensorManufacturer>
</SE_SensorModel>