<?xml version="1.0" encoding="UTF-8"?><?xml-stylesheet type='text/xsl' href='./CodelistDictionary-v32.xsl'?><Dictionary xmlns="http://www.opengis.net/gml/3.2" xmlns:gml="http://www.opengis.net/gml/3.2" xmlns:xsi="http://www.w3.org/2001/XMLSchema-instance" gml:id="CI_OnLineFunctionCode" xsi:schemaLocation="http://www.opengis.net/gml/3.2 http://schemas.opengis.net/gml/3.2.1/gml.xsd">
  <description>function performed by the resource</description>
  <identifier codeSpace="http://schemas.isotc211.org/19115/-3/cit/1.0">CI_OnLineFunctionCode</identifier>
  <dictionaryEntry>
    <Definition gml:id="_12382_18893">
      <description>online instructions for transferring data from one storage device or system to another</description>
      <identifier codeSpace="http://schemas.isotc211.org/19115/-3/cit/1.0">download</identifier>
    </Definition>
  </dictionaryEntry>
  <dictionaryEntry>
    <Definition gml:id="_12382_18894">
      <description>online information about the resource</description>
      <identifier codeSpace="http://schemas.isotc211.org/19115/-3/cit/1.0">information</identifier>
    </Definition>
  </dictionaryEntry>
  <dictionaryEntry>
    <Definition gml:id="_12382_18895">
      <description>online instructions for requesting the resource from the provider</description>
      <identifier codeSpace="http://schemas.isotc211.org/19115/-3/cit/1.0">offlineAccess</identifier>
    </Definition>
  </dictionaryEntry>
  <dictionaryEntry>
    <Definition gml:id="_12382_18896">
      <description>online order process for obtaining the resource</description>
      <identifier codeSpace="http://schemas.isotc211.org/19115/-3/cit/1.0">order</identifier>
    </Definition>
  </dictionaryEntry>
  <dictionaryEntry>
    <Definition gml:id="_12382_18897">
      <description>online search interface for seeking out information about the resource</description>
      <identifier codeSpace="http://schemas.isotc211.org/19115/-3/cit/1.0">search</identifier>
    </Definition>
  </dictionaryEntry>
  <dictionaryEntry>
    <Definition gml:id="_12382_18898">
      <description>complete metadata provided</description>
      <identifier codeSpace="http://schemas.isotc211.org/19115/-3/cit/1.0">completeMetadata</identifier>
    </Definition>
  </dictionaryEntry>
  <dictionaryEntry>
    <Definition gml:id="_12382_18899">
      <description>browse graphic provided</description>
      <identifier codeSpace="http://schemas.isotc211.org/19115/-3/cit/1.0">browseGraphic</identifier>
    </Definition>
  </dictionaryEntry>
  <dictionaryEntry>
    <Definition gml:id="_12382_18900">
      <description>online resource upload capability provided</description>
      <identifier codeSpace="http://schemas.isotc211.org/19115/-3/cit/1.0">upload</identifier>
    </Definition>
  </dictionaryEntry>
  <dictionaryEntry>
    <Definition gml:id="_12382_18901">
      <description>online email service provided</description>
      <identifier codeSpace="http://schemas.isotc211.org/19115/-3/cit/1.0">emailService</identifier>
    </Definition>
  </dictionaryEntry>
  <dictionaryEntry>
    <Definition gml:id="_12382_18902">
      <description>online browsing provided</description>
      <identifier codeSpace="http://schemas.isotc211.org/19115/-3/cit/1.0">browsing</identifier>
    </Definition>
  </dictionaryEntry>
  <dictionaryEntry>
    <Definition gml:id="_12382_18903">
      <description>online file access provided</description>
      <identifier codeSpace="http://schemas.isotc211.org/19115/-3/cit/1.0">fileAccess</identifier>
    </Definition>
  </dictionaryEntry>
</Dictionary>
