<?xml version="1.0" encoding="UTF-8"?>
<!-- VMAP 0 gmd based instance document -->
<mdb:MD_Metadata 
    xmlns:gco="https://schemas.isotc211.org/19103/-/gco/1.2"
    xmlns:gcx="https://schemas.isotc211.org/19103/-/gcx/1.2"
    xmlns:fcc="https://schemas.isotc211.org/19110/-/fcc/2.2"
    xmlns:gfc="https://schemas.isotc211.org/19110/-/gfc/2.2"
    xmlns:rbc="https://schemas.isotc211.org/19111/-/rbc/3.1"
    xmlns:cit="https://schemas.isotc211.org/19115/-1/cit/1.3"
    xmlns:gex="https://schemas.isotc211.org/19115/-1/gex/1.3"
     xmlns:lan="https://schemas.isotc211.org/19115/-1/lan/1.3"
    xmlns:mac="https://schemas.isotc211.org/19115/-2/mac/2.2"
    xmlns:mas="https://schemas.isotc211.org/19115/-1/mas/1.3"
    xmlns:mcc="https://schemas.isotc211.org/19115/-1/mcc/1.3"
    xmlns:mco="https://schemas.isotc211.org/19115/-1/mco/1.3"
    xmlns:mda="https://schemas.isotc211.org/19115/-1/mda/1.3"
    xmlns:mdb="https://schemas.isotc211.org/19115/-1/mdb/1.3"
     xmlns:mmi="https://schemas.isotc211.org/19115/-1/mmi/1.3"
    xmlns:mpc="https://schemas.isotc211.org/19115/-1/mpc/1.3"
    xmlns:mrc="https://schemas.isotc211.org/19115/-1/mrc/1.3"
    xmlns:mrd="https://schemas.isotc211.org/19115/-1/mrd/1.3"
    xmlns:mri="https://schemas.isotc211.org/19115/-1/mri/1.3" 
    xmlns:mrl="https://schemas.isotc211.org/19115/-1/mrl/1.3"
    xmlns:mrs="https://schemas.isotc211.org/19115/-1/mrs/1.3"
    xmlns:msr="https://schemas.isotc211.org/19115/-1/msr/1.3"
    xmlns:srv="https://schemas.isotc211.org/19115/-1/srv/1.3"
    xmlns:gmx="https://schemas.isotc211.org/19136/-/gmw/1.1"
    xmlns:dqc="https://schemas.isotc211.org/19157/-/dqc/1.2"
    xmlns:mdq="https://schemas.isotc211.org/19157/-/mdq/1.2"
    xmlns:gml="http://www.opengis.net/gml/3.2"
    xmlns:xlink="http://www.w3.org/1999/xlink" 
    xmlns:xsi="http://www.w3.org/2001/XMLSchema-instance"
    xsi:schemaLocation="
    https://schemas.isotc211.org/19103/-/gco/1.2 ../../../../19103/-/gco/1.2.0/gco.xsd
    https://schemas.isotc211.org/19103/-/gcx/1.2 ../../../../19103/-/gcx/1.2.0/gcx.xsd
    https://schemas.isotc211.org/19110/-/fcc/2.2 ../../../../19110/-/fcc/2.2.0/fcc.xsd
    https://schemas.isotc211.org/19110/-/gfc/2.2 ../../../../19110/-/gfc/2.2.0/gfc.xsd
    https://schemas.isotc211.org/19111/-/rbc/3.1 ../../../../19111/-/rbc/3.1.0/rbc.xsd
    https://schemas.isotc211.org/19115/-1/cit/1.3 ../../../../19115/-1/cit/1.3.0/cit.xsd
    https://schemas.isotc211.org/19115/-1/gex/1.3 ../../../../19115/-1/gex/1.3.0/gex.xsd
    https://schemas.isotc211.org/19115/-1/lan/1.3 ../../../../19115/-1/lan/1.3.0/lan.xsd
    https://schemas.isotc211.org/19115/-2/mac/2.2 ../../../../19115/-2/mac/2.2.0/mac.xsd
    https://schemas.isotc211.org/19115/-1/mas/1.3 ../../../../19115/-1/mas/1.3.0/mas.xsd
    https://schemas.isotc211.org/19115/-1/mcc/1.3 ../../../../19115/-1/mcc/1.3.0/mcc.xsd
    https://schemas.isotc211.org/19115/-1/mco/1.3 ../../../../19115/-1/mco/1.3.0/mco.xsd
    https://schemas.isotc211.org/19115/-1/mda/1.3 ../../../../19115/-1/mda/1.3.0/mda.xsd
    https://schemas.isotc211.org/19115/-1/mdb/1.3 ../../../../19115/-1/mdb/1.3.0/mdb.xsd
    https://schemas.isotc211.org/19115/-1/mmi/1.3 ../../../../19115/-1/mmi/1.3.0/mmi.xsd
    https://schemas.isotc211.org/19115/-1/mpc/1.3 ../../../../19115/-1/mpc/1.3.0/mpc.xsd
    https://schemas.isotc211.org/19115/-1/mrc/1.3 ../../../../19115/-1/mrc/1.3.0/mrc.xsd
    https://schemas.isotc211.org/19115/-1/mrc/1.3 ../../../../19115/-2/mrc/2.2.0/contentInformationImagery.xsd
    https://schemas.isotc211.org/19115/-1/mrd/1.3 ../../../../19115/-1/mrd/1.3.0/mrd.xsd
    https://schemas.isotc211.org/19115/-1/mri/1.3 ../../../../19115/-1/mri/1.3.0/mri.xsd
    https://schemas.isotc211.org/19115/-1/mrl/1.3 ../../../../19115/-1/mrl/1.3.0/mrl.xsd
    https://schemas.isotc211.org/19115/-1/mrl/1.3 ../../../../19115/-2/mrl/2.2.0/lineageImagery.xsd
    https://schemas.isotc211.org/19115/-1/mrs/1.3 ../../../../19115/-1/mrs/1.3.0/mrs.xsd
    https://schemas.isotc211.org/19115/-1/msr/1.3 ../../../../19115/-1/msr/1.3.0/msr.xsd
    https://schemas.isotc211.org/19115/-1/msr/1.3 ../../../../19115/-2/msr/2.2.0/spatialRepresentationImagery.xsd
    https://schemas.isotc211.org/19115/-1/srv/1.3 ../../../../19115/-1/srv/1.3.0/srv.xsd
    https://schemas.isotc211.org/19136/-/gmw/1.1 ../../../../19136/-/gmw/1.1.0/gmw.xsd
    https://schemas.isotc211.org/19157/-/dqc/1.2 ../../../../19157/-/dqc/1.2.0/dqc.xsd
    https://schemas.isotc211.org/19157/-/mdq/1.2 ../../../../19157/-/mdq/1.2.0/mdq.xsd
    http://www.opengis.net/gml/3.2 http://schemas.opengis.net/gml/3.2.1/gml.xsd
    "
    id="VMAP0">
    <mdb:defaultLocale>
        <lan:PT_Locale>
            <lan:language>
                <lan:LanguageCode codeList="https://schemas.isotc211.org/Resources/codelists.xml#ISO19115.lan.LanguageCode" codeListValue="eng">English</lan:LanguageCode>
            </lan:language>
            <lan:characterEncoding>
                <lan:MD_CharacterSetCode codeList="https://schemas.isotc211.org/Resources/codelists.xml#ISO19115.lan.CharacterSetCode" codeListValue="utf8">UTF-8</lan:MD_CharacterSetCode>
            </lan:characterEncoding>
        </lan:PT_Locale>
    </mdb:defaultLocale>
    <mdb:contact>
        <cit:CI_Responsibility>
            <cit:role>
                <cit:CI_RoleCode codeList="https://schemas.isotc211.org/Resources/codelists.xml#ISO19115.cit.CI_RoleCode" codeListValue="publisher"/>
            </cit:role>
            <cit:party>
                <cit:CI_Organisation>
                    <cit:name>
                        <gco:CharacterString>US National Geospatial-Intelligence Agen-cy</gco:CharacterString>
                    </cit:name>
                    <cit:contactInfo>
                        <cit:CI_Contact>
                            <cit:phone/>
                            <cit:address xlink:href="#ID00003"/>
                            <cit:onlineResource xlink:href="#ID00009"/>
                        </cit:CI_Contact>
                    </cit:contactInfo>
                </cit:CI_Organisation>
            </cit:party>
        </cit:CI_Responsibility>
    </mdb:contact>
    <!-- Date the metadata was created -->
    <mdb:dateInfo>
        <cit:CI_Date>
            <cit:date>
                <gco:DateTime>2004-03-14T12:00:00</gco:DateTime>
            </cit:date>
            <cit:dateType>
                <cit:CI_DateTypeCode codeList="https://schemas.isotc211.org/Resources/codelists.xml#ISO19115.cit.CI_DateTypeCode" codeListValue="creation"/>
            </cit:dateType>
        </cit:CI_Date>
    </mdb:dateInfo>
    <mdb:metadataStandard>
        <cit:CI_Citation>
            <cit:title>
                <gco:CharacterString>ISO 19115-1</gco:CharacterString>
            </cit:title>
            <cit:edition>
                <gco:CharacterString>2003</gco:CharacterString>
            </cit:edition>
        </cit:CI_Citation>
    </mdb:metadataStandard>

    <!-- REFERENCE SYSTEM INFORMATION -->
    <mdb:referenceSystemInfo>
        <mrs:MD_ReferenceSystem>
            <mrs:referenceSystemIdentifier>
                <mcc:MD_Identifier>
                    <mcc:authority>
                        <cit:CI_Citation>
                            <cit:title>
                                <gco:CharacterString>World Geodetic System</gco:CharacterString>
                            </cit:title>
                        </cit:CI_Citation>
                    </mcc:authority>
                    <mcc:code>
                        <gco:CharacterString>WGS 84</gco:CharacterString>
                    </mcc:code>
                </mcc:MD_Identifier>
            </mrs:referenceSystemIdentifier>
        </mrs:MD_ReferenceSystem>
    </mdb:referenceSystemInfo>
    <!-- END REFERENCE SYSTEM INFORMATION -->
    <!-- IDENTIFICATION INFORMATION -->
    <mdb:identificationInfo>
        <mri:MD_DataIdentification>
            <mri:citation>
                <cit:CI_Citation>
                    <cit:title>
                        <gco:CharacterString>VMAPLV0</gco:CharacterString>
                    </cit:title>
                    <cit:date>
                        <cit:CI_Date>
                            <cit:date>
                                <gco:DateTime>2000-09-03T12:00:00</gco:DateTime>
                            </cit:date>
                            <cit:dateType>
                                <cit:CI_DateTypeCode codeList="https://schemas.isotc211.org/Resources/codelists.xml#ISO19115.cit.CI_DateTypeCode" codeListValue="publication"/>
                            </cit:dateType>
                        </cit:CI_Date>
                    </cit:date>
                    <cit:presentationForm>
                        <cit:CI_PresentationFormCode codeList="https://schemas.isotc211.org/Resources/codelists.xml#ISO19115.cit.CI_PresentationFormCode" codeListValue="mapDigital"/>
                    </cit:presentationForm>
                </cit:CI_Citation>
            </mri:citation>
            <mri:abstract>
                <gco:CharacterString>Vector Map: a general purpose database design to support GIS
                    applications</gco:CharacterString>
            </mri:abstract>
            <mri:status>
                <mcc:MD_ProgressCode codeList="https://schemas.isotc211.org/Resources/codelists.xml#ISO19115.mcc.MD_ProgressCode" codeListValue="completed"/>
            </mri:status>
            <mri:pointOfContact>
                <cit:CI_Responsibility id="ID00001">
                    <cit:role>
                        <cit:CI_RoleCode codeList="https://schemas.isotc211.org/Resources/codelists.xml#ISO19115.cit.CI_RoleCode" codeListValue="originator"/>
                    </cit:role>
                    <cit:party>
                        <cit:CI_Organisation>
                            <cit:name>
                                <gco:CharacterString>US National Geospatial-Intelligence
                        Agency</gco:CharacterString>
                            </cit:name>
                            <cit:contactInfo>
                                <cit:CI_Contact id="ID00002">
                                    <cit:phone>
                                        <cit:CI_Telephone>
                                            <cit:number>
                                                <gco:CharacterString>888-888-8888</gco:CharacterString>
                                            </cit:number>
                                        </cit:CI_Telephone>
                                    </cit:phone>
                                    <cit:address>
                                        <cit:CI_Address id="ID00003">
                                            <cit:deliveryPoint>
                                                <gco:CharacterString>4600 Sangamore Rd</gco:CharacterString>
                                            </cit:deliveryPoint>
                                            <cit:city>
                                                <gco:CharacterString>Bethesda</gco:CharacterString>
                                            </cit:city>
                                            <cit:administrativeArea>
                                                <gco:CharacterString>MD</gco:CharacterString>
                                            </cit:administrativeArea>
                                            <cit:postalCode>
                                                <gco:CharacterString>20816-5003</gco:CharacterString>
                                            </cit:postalCode>
                                            <cit:country>
                                                <gco:CharacterString>United States</gco:CharacterString>
                                            </cit:country>
                                        </cit:CI_Address>
                                    </cit:address>
                                    <cit:onlineResource>
                                        <cit:CI_OnlineResource id="ID00004">
                                            <cit:linkage>
                                                <gco:CharacterString>http://geoengine.nga.mil</gco:CharacterString>
                                            </cit:linkage>

                                            <cit:protocol>
                                                <gco:CharacterString>http</gco:CharacterString>
                                            </cit:protocol>
                                            <cit:function>
                                                <cit:CI_OnLineFunctionCode codeList="https://schemas.isotc211.org/Resources/codelists.xml#ISO19115.cit.CI_OnLineFunctionCode" codeListValue="download"/>
                                            </cit:function>
                                        </cit:CI_OnlineResource>
                                    </cit:onlineResource>
                                </cit:CI_Contact>
                            </cit:contactInfo>
                            <cit:individual>
                                <cit:CI_Individual>
                                    <cit:positionName>
                                        <gco:CharacterString>Director, NGA, ATTN:COD, MS P-37</gco:CharacterString>
                                    </cit:positionName>
                                </cit:CI_Individual>
                            </cit:individual>
                        </cit:CI_Organisation>
                    </cit:party>
                </cit:CI_Responsibility>
            </mri:pointOfContact>
            <mri:spatialRepresentationType>

                <mcc:MD_SpatialRepresentationTypeCode codeList="https://schemas.isotc211.org/Resources/codelists.xml#ISO19115.msr.MD_SpatialRepresentationTypeCode" codeListValue="vector"/>
            </mri:spatialRepresentationType>
            <mri:spatialResolution>
                <mri:MD_Resolution>
                    <mri:equivalentScale>
                        <mri:MD_RepresentativeFraction>
                            <mri:denominator>
                                <gco:Integer>1000000</gco:Integer>
                            </mri:denominator>
                        </mri:MD_RepresentativeFraction>
                    </mri:equivalentScale>
                </mri:MD_Resolution>
            </mri:spatialResolution>
            <mri:topicCategory>
                <mri:MD_TopicCategoryCode>boundaries</mri:MD_TopicCategoryCode>
            </mri:topicCategory>
            <mri:topicCategory>
                <mri:MD_TopicCategoryCode>elevation</mri:MD_TopicCategoryCode>
            </mri:topicCategory>
            <mri:topicCategory>
                <mri:MD_TopicCategoryCode>inlandWaters</mri:MD_TopicCategoryCode>
            </mri:topicCategory>
            <mri:topicCategory>
                <mri:MD_TopicCategoryCode>oceans</mri:MD_TopicCategoryCode>
            </mri:topicCategory>
            <mri:topicCategory>
                <mri:MD_TopicCategoryCode>society</mri:MD_TopicCategoryCode>
            </mri:topicCategory>
            <mri:topicCategory>
                <mri:MD_TopicCategoryCode>structure</mri:MD_TopicCategoryCode>
            </mri:topicCategory>
            <mri:topicCategory>
                <mri:MD_TopicCategoryCode>transportation</mri:MD_TopicCategoryCode>
            </mri:topicCategory>
            <mri:topicCategory>
                <mri:MD_TopicCategoryCode>utilitiesCommunication</mri:MD_TopicCategoryCode>
            </mri:topicCategory>
            <!-- Method one for indicating data coverage area -->
            <!-- Use EX_GeographicBoundingBoxType to describe -->
            <!-- the data coverage area using approximate coordinates -->
            <!-- THIS METHOD IS MANDATORY IF THE HIERARCHY  -->
            <!-- LEVEL OF THIS METADATA IS "DATASET" -->
            <mri:extent>
                <gex:EX_Extent>
                    <gex:description>
                        <gco:CharacterString>location description</gco:CharacterString>
                    </gex:description>
                    <gex:geographicElement>
                        <gex:EX_GeographicBoundingBox>
                            <gex:extentTypeCode>
                                <gco:Boolean>false</gco:Boolean>
                            </gex:extentTypeCode>
                            <gex:westBoundLongitude>
                                <gco:Decimal>-180.00</gco:Decimal>
                            </gex:westBoundLongitude>
                            <gex:eastBoundLongitude>
                                <gco:Decimal>180.00</gco:Decimal>
                            </gex:eastBoundLongitude>
                            <gex:southBoundLatitude>
                                <gco:Decimal>-90.00</gco:Decimal>
                            </gex:southBoundLatitude>
                            <gex:northBoundLatitude>
                                <gco:Decimal>90.00</gco:Decimal>
                            </gex:northBoundLatitude>
                        </gex:EX_GeographicBoundingBox>
                    </gex:geographicElement>
                </gex:EX_Extent>
            </mri:extent>
            <!-- Method two for indicating data coverage area -->
            <!-- Use EX_GeographicBoundingPolygonType to describe -->
            <!-- the data coverage area using more accurate coordinates -->
            <!-- Make sure to include the proper coordinate reference   -->
            <!-- system information when using this method -->
            <mri:extent>
                <gex:EX_Extent>
                    <gex:description>
                        <gco:CharacterString>location description</gco:CharacterString>
                    </gex:description>
                    <gex:geographicElement>
                        <gex:EX_BoundingPolygon>
                            <gex:extentTypeCode>
                                <gco:Boolean>false</gco:Boolean>
                            </gex:extentTypeCode>
                            <gex:polygon>
                                <gml:Polygon gml:id="p1">
                                    <gml:exterior>
                                        <gml:LinearRing>
                                            <gml:posList>180.000000</gml:posList>
                                        </gml:LinearRing>
                                    </gml:exterior>
                                </gml:Polygon>
                            </gex:polygon>
                        </gex:EX_BoundingPolygon>
                    </gex:geographicElement>
                </gex:EX_Extent>
            </mri:extent>
            <mri:extent>
                <gex:EX_Extent>
                    <gex:description>
                        <gco:CharacterString>temporal extent of source information</gco:CharacterString>
                    </gex:description>
                    <gex:temporalElement>
                        <gex:EX_TemporalExtent>
                            <gex:extent>
                                <gml:TimePeriod gml:id="tp1">
                                    <gml:begin>
                                        <gml:TimeInstant gml:id="ti1">
                                            <gml:timePosition>1992-04-01T00:00:00-00:00</gml:timePosition>
                                        </gml:TimeInstant>
                                    </gml:begin>
                                    <gml:end>
                                        <gml:TimeInstant gml:id="ti2">
                                            <gml:timePosition>2002-02-23T00:00:00-00:00</gml:timePosition>
                                        </gml:TimeInstant>
                                    </gml:end>
                                </gml:TimePeriod>
                            </gex:extent>
                        </gex:EX_TemporalExtent>
                    </gex:temporalElement>
                </gex:EX_Extent>
            </mri:extent>
            <mri:resourceFormat>
                <mrd:MD_Format id="ID00005">
                    <mrd:formatSpecificationCitation>
                        <cit:CI_Citation>
                            <cit:title>
                                <gco:CharacterString>VPF</gco:CharacterString>
                            </cit:title>
                            <cit:edition>
                                <gco:CharacterString>9606</gco:CharacterString>
                            </cit:edition>
                        </cit:CI_Citation>
                    </mrd:formatSpecificationCitation>
                </mrd:MD_Format>
            </mri:resourceFormat>
            <mri:resourceFormat>
                <mrd:MD_Format id="ID00006">
                    <mrd:formatSpecificationCitation>
                        <cit:CI_Citation>
                            <cit:title>
                                <gco:CharacterString>VMap 0</gco:CharacterString>
                            </cit:title>
                            <cit:identifier>
                                <mcc:MD_Identifier>
                                    <mcc:code>
                                        <gco:CharacterString>MIL-V-89039</gco:CharacterString>
                                    </mcc:code>
                                </mcc:MD_Identifier>
                            </cit:identifier>
                        </cit:CI_Citation>
                    </mrd:formatSpecificationCitation>
                    <mrd:amendmentNumber>
                        <gco:CharacterString>Ammendment 1</gco:CharacterString>
                    </mrd:amendmentNumber>
                </mrd:MD_Format>
            </mri:resourceFormat>
        </mri:MD_DataIdentification>
    </mdb:identificationInfo>
    <!-- END OF IDENTIFICATION INFORMATION -->
    <mdb:distributionInfo>
        <mrd:MD_Distribution>
            <mrd:distributor>
                <mrd:MD_Distributor>
                    <mrd:distributorContact>
                        <cit:CI_Responsibility>
                            <cit:role>
                                <cit:CI_RoleCode codeList="https://schemas.isotc211.org/Resources/codelists.xml#ISO19115.cit.CI_RoleCode" codeListValue="distributor"/>
                            </cit:role>
                            <cit:party>
                                <cit:CI_Individual>
                                    <cit:positionName>
                                        <gco:CharacterString>Director, NGA, ATTN:COD, MS P-37</gco:CharacterString>
                                    </cit:positionName>
                                </cit:CI_Individual>
                            </cit:party>
                            <cit:party>
                                <cit:CI_Organisation>
                                    <cit:name>
                                        <gco:CharacterString>US National Geospatial-Intelligence
                                Agency</gco:CharacterString>
                                    </cit:name>
                                    <cit:contactInfo>
                                        <cit:CI_Contact>
                                            <cit:phone>
                                                <cit:CI_Telephone>
                                                  <cit:number>
                                                  <gco:CharacterString>555-555-5555</gco:CharacterString>
                                                  </cit:number>
                                                  <cit:numberType>
                                                  <cit:CI_TelephoneTypeCode codeList="https://schemas.isotc211.org/Resources/codelists.xml#ISO19115.cit.CI_TelephoneTypeCode" codeListValue="office"/>
                                                  </cit:numberType>
                                                </cit:CI_Telephone>
                                            </cit:phone>
                                            <cit:address xlink:href="#ID00003"/>
                                        </cit:CI_Contact>
                                    </cit:contactInfo>
                                </cit:CI_Organisation>
                            </cit:party>
                        </cit:CI_Responsibility>
                    </mrd:distributorContact>
                    <mrd:distributorFormat>
                        <mrd:MD_Format>
                            <mrd:formatSpecificationCitation>
                                <cit:CI_Citation>
                                    <cit:title>
                                        <gco:CharacterString>gzip</gco:CharacterString>
                                    </cit:title>
                                    <cit:alternateTitle>
                                        <gco:CharacterString>GNU RFC 1952</gco:CharacterString>
                                    </cit:alternateTitle>
                                </cit:CI_Citation>
                            </mrd:formatSpecificationCitation>
                            <mrd:amendmentNumber>
                                <gco:CharacterString>1.2.4</gco:CharacterString>
                            </mrd:amendmentNumber>
                        </mrd:MD_Format>
                    </mrd:distributorFormat>
                    <mrd:distributorTransferOptions>
                        <mrd:MD_DigitalTransferOptions>
                            <mrd:onLine>
                                <cit:CI_OnlineResource>
                                    <cit:linkage>
                                        <gco:CharacterString>http://geoengine.nga.mil/ftpdir/archive/vpf_data/v0noa.tar.gz</gco:CharacterString>
                                    </cit:linkage>
                                    <cit:function>
                                        <cit:CI_OnLineFunctionCode codeList="https://schemas.isotc211.org/Resources/codelists.xml#ISO19115.cit.CI_OnLineFunctionCode" codeListValue="download"/>
                                    </cit:function>
                                </cit:CI_OnlineResource>
                            </mrd:onLine>
                            <mrd:onLine>
                                <cit:CI_OnlineResource>
                                    <cit:linkage>
                                        <gco:CharacterString>http://geoengine.nga.mil/ftpdir/archive/vpf_data/v0sas.tar.gz</gco:CharacterString>
                                    </cit:linkage>
                                    <cit:function>
                                        <cit:CI_OnLineFunctionCode codeList="https://schemas.isotc211.org/Resources/codelists.xml#ISO19115.cit.CI_OnLineFunctionCode" codeListValue="download"/>
                                    </cit:function>
                                </cit:CI_OnlineResource>
                            </mrd:onLine>
                            <mrd:onLine>
                                <cit:CI_OnlineResource>
                                    <cit:linkage>
                                        <gco:CharacterString>http://geoengine.nga.mil/ftpdir/archive/vpf_data/v0soa.tar.gz</gco:CharacterString>
                                    </cit:linkage>
                                    <cit:function>
                                        <cit:CI_OnLineFunctionCode codeList="https://schemas.isotc211.org/Resources/codelists.xml#ISO19115.cit.CI_OnLineFunctionCode" codeListValue="download"/>
                                    </cit:function>
                                </cit:CI_OnlineResource>
                            </mrd:onLine>
                        </mrd:MD_DigitalTransferOptions>
                    </mrd:distributorTransferOptions>
                </mrd:MD_Distributor>
            </mrd:distributor>
            <!-- CD-Ordering for Military Customers -->
            <mrd:distributor>
                <mrd:MD_Distributor>
                    <mrd:distributorContact>
                        <cit:CI_Responsibility>
                            <cit:role>
                                <cit:CI_RoleCode codeList="https://schemas.isotc211.org/Resources/codelists.xml#ISO19115.cit.CI_RoleCode" codeListValue="distributor"/>
                            </cit:role>
                            <cit:party>
                                <cit:CI_Individual>
                                    <cit:name>
                                        <gco:CharacterString>Defense Supply Center Rich-mond
                                (DLA)</gco:CharacterString>
                                    </cit:name>
                                    <cit:contactInfo>
                                        <cit:CI_Contact id="ID00007">
                                            <cit:phone gco:nilReason="missing"/>
                                            <cit:address>
                                                <cit:CI_Address id="ID00008">
                                                  <cit:deliveryPoint>
                                                  <gco:CharacterString>8000 Jefferson Davis
                                                Hwy</gco:CharacterString>
                                                  </cit:deliveryPoint>
                                                  <cit:city>
                                                  <gco:CharacterString>Richmond</gco:CharacterString>
                                                  </cit:city>
                                                  <cit:administrativeArea>
                                                  <gco:CharacterString>VA</gco:CharacterString>
                                                  </cit:administrativeArea>
                                                  <cit:postalCode>
                                                  <gco:CharacterString>23297</gco:CharacterString>
                                                  </cit:postalCode>
                                                  <cit:country>
                                                  <gco:CharacterString>United
                                                States</gco:CharacterString>
                                                  </cit:country>
                                                </cit:CI_Address>
                                            </cit:address>
                                            <cit:onlineResource>
                                                <cit:CI_OnlineResource>
                                                  <cit:linkage>
                                                  <gco:CharacterString>http://www.dscr.dla.mil/pc9</gco:CharacterString>
                                                  </cit:linkage>
                                                  <cit:function>
                                                  <cit:CI_OnLineFunctionCode codeList="https://schemas.isotc211.org/Resources/codelists.xml#ISO19115.cit.CI_OnLineFunctionCode" codeListValue="order"/>
                                                  </cit:function>
                                                </cit:CI_OnlineResource>
                                            </cit:onlineResource>
                                        </cit:CI_Contact>
                                    </cit:contactInfo>
                                </cit:CI_Individual>
                            </cit:party>
                        </cit:CI_Responsibility>
                    </mrd:distributorContact>
                    <mrd:distributorFormat>
                        <mrd:MD_Format>
                            <mrd:formatSpecificationCitation>
                                <cit:CI_Citation>
                                    <cit:title>
                                        <gco:CharacterString>VPF</gco:CharacterString>
                                    </cit:title>
                                    <cit:identifier>
                                        <mcc:MD_Identifier>
                                            <mcc:code>
                                                <gco:CharacterString>MIL-STD-2407</gco:CharacterString>
                                            </mcc:code>
                                        </mcc:MD_Identifier>
                                    </cit:identifier>
                                </cit:CI_Citation>
                            </mrd:formatSpecificationCitation>
                            <mrd:amendmentNumber>
                                <gco:CharacterString>9606</gco:CharacterString>
                            </mrd:amendmentNumber>
                        </mrd:MD_Format>
                    </mrd:distributorFormat>
                    <mrd:distributorTransferOptions>
                        <mrd:MD_DigitalTransferOptions>
                            <mrd:offLine>
                                <mrd:MD_Medium>
                                    <mrd:name>
                                        <cit:CI_Citation>
                                            <cit:title>
                                                <gco:CharacterString>cdROM</gco:CharacterString>
                                            </cit:title>
                                        </cit:CI_Citation>
                                    </mrd:name>
                                    <mrd:volumes>
                                        <gco:Integer>4</gco:Integer>
                                    </mrd:volumes>
                                    <mrd:mediumFormat>
                                        <mrd:MD_MediumFormatCode codeList="https://schemas.isotc211.org/Resources/codelists.xml#ISO19115.mrd.MD_MediumFormatCode" codeListValue="iso9660"/>
                                    </mrd:mediumFormat>
                                </mrd:MD_Medium>
                            </mrd:offLine>
                        </mrd:MD_DigitalTransferOptions>
                    </mrd:distributorTransferOptions>
                </mrd:MD_Distributor>
            </mrd:distributor>
        </mrd:MD_Distribution>
    </mdb:distributionInfo>
    <!-- DATA QUALITY AND LINEAGE (No XML schema yet, can't validate this part, so is com-mented out…-->
    <mdb:dataQualityInfo>
        <mdq:DQ_DataQuality>
            <mdq:scope>
                <mcc:MD_Scope>
                    <mcc:level>
                        <mcc:MD_ScopeCode codeList="https://schemas.isotc211.org/Resources/codelists.xml#ISO19115.mcc.MD_ScopeCode" codeListValue="dataset"/>
                    </mcc:level>
                </mcc:MD_Scope>
            </mdq:scope>
            <mdq:report>
                <mdq:DQ_DomainConsistency>
                    <mdq:measure>
                        <mdq:DQ_MeasureReference>
                            <mdq:nameOfMeasure>
                                <gco:CharacterString>Attribute Completeness Percentage</gco:CharacterString>
                            </mdq:nameOfMeasure>
                        </mdq:DQ_MeasureReference>
                    </mdq:measure>
                    <mdq:result>
                        <mdq:DQ_ConformanceResult>
                            <mdq:specification>
                                <cit:CI_Citation>
                                    <cit:title>
                                        <gco:CharacterString>MIL-V-89039</gco:CharacterString>
                                    </cit:title>
                                    <cit:date>
                                        <cit:CI_Date>
                                            <cit:date>

                                                <gco:DateTime>1995-02-09T00:00:00Z</gco:DateTime>
                                            </cit:date>
                                            <cit:dateType>
                                                <cit:CI_DateTypeCode codeList="https://schemas.isotc211.org/Resources/codelists.xml#ISO19115.cit.CI_DateTypeCode" codeListValue="creation"/>
                                            </cit:dateType>
                                        </cit:CI_Date>
                                    </cit:date>
                                </cit:CI_Citation>
                            </mdq:specification>
                            <mdq:explanation>
                                <gco:CharacterString>All features in this library have valid
                                    attribute codes assigned to them in accordance with this
                                    specification</gco:CharacterString>
                            </mdq:explanation>
                            <mdq:pass>
                                <gco:Boolean>true</gco:Boolean>
                            </mdq:pass>
                        </mdq:DQ_ConformanceResult>
                    </mdq:result>
                </mdq:DQ_DomainConsistency>
            </mdq:report>
        </mdq:DQ_DataQuality>
    </mdb:dataQualityInfo>
    <!-- METADATA CONSTRAINTS -->
    <mdb:metadataConstraints>
        <mco:MD_SecurityConstraints>
            <mco:classification>
                <mco:MD_ClassificationCode codeList="https://schemas.isotc211.org/Resources/codelists.xml#ISO19115.mco.MD_ClassificationCode" codeListValue="unclassified"/>
            </mco:classification>
            <mco:handlingDescription>
                <gco:CharacterString>RELEASABILITY - unrestricted</gco:CharacterString>
            </mco:handlingDescription>
        </mco:MD_SecurityConstraints>
    </mdb:metadataConstraints>
    <!-- END OF METADATA CONSTRAINTS -->
    <mdb:resourceLineage>
        <mrl:LI_Lineage>
            <mrl:statement>
                <gco:CharacterString>HISTORICAL BACKGROUND - While the fifth edition of NOAMER has evolved from previous digital version, the majority of the feature content is based on the National Imagery and Mapping Agency's  (NIMA) hardcopy Operational Navigational Chart (ONC) series. The initial digital version of VMap0 was the Digital Chart of the World and was NIMA's first Vector Product Format (VPF) product. The DCW was released in 1992. With the ongoing development of the VPF Military Standard and the advent of the VMap0 product specification, a new version of the database was needed. VMap 0 library, NOAMER, Edition 4 was released in 1997.</gco:CharacterString>
            </mrl:statement>
        </mrl:LI_Lineage>
    </mdb:resourceLineage>
    <!-- END OF DATA QUALITY & LINEAGE -->
</mdb:MD_Metadata>
