<?xml version="1.0" encoding="UTF-8"?>
<mrs:MD_ReferenceSystem xmlns:gco="https://schemas.isotc211.org/19103/-/gco/1.1"
 xmlns:mcc="https://schemas.isotc211.org/19115/-1/mcc/1.3"
 xmlns:mrs="https://schemas.isotc211.org/19115/-1/mrs/1.3"
 xmlns:rbc="https://schemas.isotc211.org/19111/-/rbc/3.0" xmlns:xlink="http://www.w3.org/1999/xlink"
 xmlns:xsi="http://www.w3.org/2001/XMLSchema-instance"
 xsi:schemaLocation="https://schemas.isotc211.org/19115/-1/mrs/1.3 file:/F:/Code_GitHub_ISO/XML_19115-3/schemas.isotc211.org/19115Restructure/19115/-1/mrs/1.3.0/referenceSystem.xsd">
 <mrs:referenceSystemIdentifier><mcc:MD_Identifier>
  <mcc:authority></mcc:authority>
  <mcc:code></mcc:code>
  <mcc:version></mcc:version>
  <mcc:description></mcc:description>
 </mcc:MD_Identifier></mrs:referenceSystemIdentifier>
 <mrs:crs/>
 <mrs:coordinateEpoch/>
 <mrs:referenceSystemType/>
</mrs:MD_ReferenceSystem>
