<?xml version="1.0" encoding="UTF-8"?>
<mdb:MD_Metadata xmlns:xsi="http://www.w3.org/2001/XMLSchema-instance"
 xsi:schemaLocation="http://standards.iso.org/iso/19115/-3/mdb/1.0 mdb.xsd" 
 xmlns:mdb="http://schemas.isotc211.org/19115/-3/mdb/1.0" 
 xmlns:gco="http://schemas.isotc211.org/19115/-3/gco/1.0"
 xmlns:mcc="http://schemas.isotc211.org/19115/-3/mcc/1.0" 
 xmlns:lan="http://schemas.isotc211.org/19115/-3/lan/1.0" 
 xmlns:cit="http://schemas.isotc211.org/19115/-3/cit/1.0">
   
   <!-- Invalid for rule.mdb.defaultlocale -->
   <mdb:defaultLocale>
      <lan:PT_Locale>
         <lan:language></lan:language>
         <lan:characterEncoding>
            <lan:MD_CharacterSetCode codeList="" codeListValue=""/>
         </lan:characterEncoding>
      </lan:PT_Locale>
   </mdb:defaultLocale>
   
   
   
   <mdb:metadataScope>
      <mdb:MD_MetadataScope>
         <mdb:resourceScope>
            <mcc:MD_ScopeCode codeList="codeListLocation#MD_ScopeCode" 
               codeListValue="service">service</mcc:MD_ScopeCode>
         </mdb:resourceScope>
         <!-- Invalid for rule.mdb.scope-name
          mdb:name>
            <gco:CharacterString>/*/gmd:hierarchyLevelName/gco:CharacterString</gco:CharacterString>
         </mdb:name> -->
      </mdb:MD_MetadataScope>
   </mdb:metadataScope>
   <mdb:metadataScope>
      <mdb:MD_MetadataScope>
         <mdb:resourceScope>
            <mcc:MD_ScopeCode codeList="codeListLocation#MD_ScopeCode" 
               codeListValue="application">application</mcc:MD_ScopeCode>
         </mdb:resourceScope>
         <mdb:name>
            <!-- Invalid for rule.mdb.scope-name
               <gco:CharacterString>/*/gmd:hierarchyLevelName/gco:CharacterString</gco:CharacterString>
               -->
         </mdb:name>
      </mdb:MD_MetadataScope>
   </mdb:metadataScope>
   <mdb:metadataScope>
      <mdb:MD_MetadataScope>
         <mdb:resourceScope>
            <mcc:MD_ScopeCode codeList="codeListLocation#MD_ScopeCode" 
               codeListValue="series">series</mcc:MD_ScopeCode>
         </mdb:resourceScope>
         <mdb:name>
            <!-- Invalid for rule.mdb.scope-name -->
            <gco:CharacterString></gco:CharacterString>
         </mdb:name>
      </mdb:MD_MetadataScope>
   </mdb:metadataScope>
   
   
   <!-- No match for the context -->
   <mdb:metadataScope>
      <mdb:MD_MetadataScope>
         <mdb:resourceScope>
            <mcc:MD_ScopeCode codeList="codeListLocation#MD_ScopeCode" 
               codeListValue="dataset">/*/gmd:hierarchyLevel.2/gmd:MD_ScopeCode</mcc:MD_ScopeCode>
         </mdb:resourceScope>
         <mdb:name>
            <!-- Valid for rule.mdb.scope-name -->
            <gco:CharacterString>/*/gmd:hierarchyLevelName/gco:CharacterString</gco:CharacterString>
         </mdb:name>
      </mdb:MD_MetadataScope>
   </mdb:metadataScope>
   
   <!-- mdb:contact required for schema validation -->
   <mdb:contact gco:nilReason="inapplicable"/>
   
   <!-- Invalid for rule.mdb.create-date -->
   <mdb:dateInfo>
      <cit:CI_Date>
         <cit:date>
            <gco:DateTime>2011-11-11T00:00:00</gco:DateTime>
         </cit:date>
         <cit:dateType>
            <cit:CI_DateTypeCode codeList="codeListLocation#CI_DateTypeCode" 
               codeListValue="anyValidURI">nocreationdate</cit:CI_DateTypeCode>
         </cit:dateType>
      </cit:CI_Date>
   </mdb:dateInfo>
   
   <!-- Invalid for rule.mdb.create-date : an empty creation date-->
   <mdb:dateInfo>
      <cit:CI_Date>
         <cit:date>
            <gco:DateTime></gco:DateTime>
         </cit:date>
         <cit:dateType>
            <cit:CI_DateTypeCode codeList="codeListLocation#CI_DateTypeCode" 
               codeListValue="creation">creation</cit:CI_DateTypeCode>
         </cit:dateType>
      </cit:CI_Date>
   </mdb:dateInfo>
   
   <!-- mdb:identificationInfo required for schema validation -->
   <mdb:identificationInfo gco:nilReason="inapplicable"/>
   
</mdb:MD_Metadata>
