<?xml version="1.0" encoding="UTF-8"?>
<cat:CT_CodelistCatalogue 
   xmlns:xsi="http://www.w3.org/2001/XMLSchema-instance"
   xmlns:cat="https://schemas.isotc211.org/19139/-/cat/1.2" 
   xmlns:lan="https://schemas.isotc211.org/19115/-1/lan/1.3" 
   xmlns:gco="https://schemas.isotc211.org/19103/-/gco/1.2" 
   xmlns:gml="https://www.opengis.net/gml/3.2"
   xmlns:xlink="http://www.w3.org/1999/xlink"
   xsi:schemaLocation="https://schemas.isotc211.org/19139/-/cat/1.2 ../../../-3/cat/1.2.0/cat.xsd"
   >
   <!--=====Catalogue description=====-->
   <cat:name>
      <gco:CharacterString>Codelists from the Metadata Common Classes (mcc) Namespace</gco:CharacterString>
   </cat:name>
   <cat:scope>
      <gco:CharacterString>Codelists from the Metadata Common Classes (mcc) Namespace</gco:CharacterString>
   </cat:scope>
   <cat:fieldOfApplication>
      <gco:CharacterString>ISO TC211 Metadata Standards</gco:CharacterString>
   </cat:fieldOfApplication>
   <cat:versionNumber>
      <gco:CharacterString>1.1</gco:CharacterString>
   </cat:versionNumber>
   <cat:versionDate>
      <gco:Date>2017-09-10</gco:Date>
   </cat:versionDate>
   <cat:locale>
      <lan:PT_Locale>
         <lan:language>
            <lan:LanguageCode codeList="https://schemas.isotc211.org/19115/-1/lan/1.3/codelists.xml#LanguageCode" codeListValue="eng">eng</lan:LanguageCode>
         </lan:language>
         <lan:characterEncoding>
            <lan:MD_CharacterSetCode codeList="https://schemas.isotc211.org/19115/-1/lan/1.3/codelists.xml#MD_CharacterSetCode" codeListValue="UTF-8">UTF-8</lan:MD_CharacterSetCode>
         </lan:characterEncoding>
      </lan:PT_Locale>
   </cat:locale>
   <!--============================= Codelists =======================================-->
   <cat:codelistItem>
      <cat:CT_Codelist id="MD_ProgressCode">
         <cat:identifier>
            <gco:ScopedName codeSpace="http://schemas.isotc211.org/19115/-3/mcc/1.0">MD_ProgressCode</gco:ScopedName>
         </cat:identifier>
         <cat:name>
            <gco:ScopedName codeSpace="http://schemas.isotc211.org/19115/-3/mcc/1.0">MD_ProgressCode</gco:ScopedName>
         </cat:name>
         <cat:definition>
            <gco:CharacterString>status of the resource</gco:CharacterString>
         </cat:definition>
         <cat:description>
            <gco:CharacterString>status of the resource</gco:CharacterString>
         </cat:description>
         <cat:codeEntry>
            <cat:CT_CodelistValue id="MD_ProgressCode_completed">
               <cat:identifier>
                  <gco:ScopedName codeSpace="http://schemas.isotc211.org/19115/-3/mcc/1.0">completed</gco:ScopedName>
               </cat:identifier>
               <cat:name>
                  <gco:ScopedName codeSpace="http://schemas.isotc211.org/19115/-3/mcc/1.0">completed</gco:ScopedName>
               </cat:name>
               <cat:definition>
                  <gco:CharacterString>has been completed</gco:CharacterString>
               </cat:definition>
               <cat:description>
                  <gco:CharacterString>has been completed</gco:CharacterString>
               </cat:description>
            </cat:CT_CodelistValue>
         </cat:codeEntry>
         <cat:codeEntry>
            <cat:CT_CodelistValue id="MD_ProgressCode_historicalArchive">
               <cat:identifier>
                  <gco:ScopedName codeSpace="http://schemas.isotc211.org/19115/-3/mcc/1.0">historicalArchive</gco:ScopedName>
               </cat:identifier>
               <cat:name>
                  <gco:ScopedName codeSpace="http://schemas.isotc211.org/19115/-3/mcc/1.0">historicalArchive</gco:ScopedName>
               </cat:name>
               <cat:definition>
                  <gco:CharacterString>stored in an offline storage facility</gco:CharacterString>
               </cat:definition>
               <cat:description>
                  <gco:CharacterString>stored in an offline storage facility</gco:CharacterString>
               </cat:description>
            </cat:CT_CodelistValue>
         </cat:codeEntry>
         <cat:codeEntry>
            <cat:CT_CodelistValue id="MD_ProgressCode_obsolete">
               <cat:identifier>
                  <gco:ScopedName codeSpace="http://schemas.isotc211.org/19115/-3/mcc/1.0">obsolete</gco:ScopedName>
               </cat:identifier>
               <cat:name>
                  <gco:ScopedName codeSpace="http://schemas.isotc211.org/19115/-3/mcc/1.0">obsolete</gco:ScopedName>
               </cat:name>
               <cat:definition>
                  <gco:CharacterString>no longer relevant</gco:CharacterString>
               </cat:definition>
               <cat:description>
                  <gco:CharacterString>no longer relevant</gco:CharacterString>
               </cat:description>
            </cat:CT_CodelistValue>
         </cat:codeEntry>
         <cat:codeEntry>
            <cat:CT_CodelistValue id="MD_ProgressCode_onGoing">
               <cat:identifier>
                  <gco:ScopedName codeSpace="http://schemas.isotc211.org/19115/-3/mcc/1.0">onGoing</gco:ScopedName>
               </cat:identifier>
               <cat:name>
                  <gco:ScopedName codeSpace="http://schemas.isotc211.org/19115/-3/mcc/1.0">onGoing</gco:ScopedName>
               </cat:name>
               <cat:definition>
                  <gco:CharacterString>continually being updated</gco:CharacterString>
               </cat:definition>
               <cat:description>
                  <gco:CharacterString>continually being updated</gco:CharacterString>
               </cat:description>
            </cat:CT_CodelistValue>
         </cat:codeEntry>
         <cat:codeEntry>
            <cat:CT_CodelistValue id="MD_ProgressCode_planned">
               <cat:identifier>
                  <gco:ScopedName codeSpace="http://schemas.isotc211.org/19115/-3/mcc/1.0">planned</gco:ScopedName>
               </cat:identifier>
               <cat:name>
                  <gco:ScopedName codeSpace="http://schemas.isotc211.org/19115/-3/mcc/1.0">planned</gco:ScopedName>
               </cat:name>
               <cat:definition>
                  <gco:CharacterString>fixed date has been established upon or by which the resource will be created or updated</gco:CharacterString>
               </cat:definition>
               <cat:description>
                  <gco:CharacterString>fixed date has been established upon or by which the resource will be created or updated</gco:CharacterString>
               </cat:description>
            </cat:CT_CodelistValue>
         </cat:codeEntry>
         <cat:codeEntry>
            <cat:CT_CodelistValue id="MD_ProgressCode_required">
               <cat:identifier>
                  <gco:ScopedName codeSpace="http://schemas.isotc211.org/19115/-3/mcc/1.0">required</gco:ScopedName>
               </cat:identifier>
               <cat:name>
                  <gco:ScopedName codeSpace="http://schemas.isotc211.org/19115/-3/mcc/1.0">required</gco:ScopedName>
               </cat:name>
               <cat:definition>
                  <gco:CharacterString>needs to be generated or updated</gco:CharacterString>
               </cat:definition>
               <cat:description>
                  <gco:CharacterString>needs to be generated or updated</gco:CharacterString>
               </cat:description>
            </cat:CT_CodelistValue>
         </cat:codeEntry>
         <cat:codeEntry>
            <cat:CT_CodelistValue id="MD_ProgressCode_underDevelopment">
               <cat:identifier>
                  <gco:ScopedName codeSpace="http://schemas.isotc211.org/19115/-3/mcc/1.0">underDevelopment</gco:ScopedName>
               </cat:identifier>
               <cat:name>
                  <gco:ScopedName codeSpace="http://schemas.isotc211.org/19115/-3/mcc/1.0">underDevelopment</gco:ScopedName>
               </cat:name>
               <cat:definition>
                  <gco:CharacterString>currently in the process of being created</gco:CharacterString>
               </cat:definition>
               <cat:description>
                  <gco:CharacterString>currently in the process of being created</gco:CharacterString>
               </cat:description>
            </cat:CT_CodelistValue>
         </cat:codeEntry>
         <cat:codeEntry>
            <cat:CT_CodelistValue id="MD_ProgressCode_final">
               <cat:identifier>
                  <gco:ScopedName codeSpace="http://schemas.isotc211.org/19115/-3/mcc/1.0">final</gco:ScopedName>
               </cat:identifier>
               <cat:name>
                  <gco:ScopedName codeSpace="http://schemas.isotc211.org/19115/-3/mcc/1.0">final</gco:ScopedName>
               </cat:name>
               <cat:definition>
                  <gco:CharacterString>progress concluded and no changes will be accepted</gco:CharacterString>
               </cat:definition>
               <cat:description>
                  <gco:CharacterString>progress concluded and no changes will be accepted</gco:CharacterString>
               </cat:description>
            </cat:CT_CodelistValue>
         </cat:codeEntry>
         <cat:codeEntry>
            <cat:CT_CodelistValue id="MD_ProgressCode_pending">
               <cat:identifier>
                  <gco:ScopedName codeSpace="http://schemas.isotc211.org/19115/-3/mcc/1.0">pending</gco:ScopedName>
               </cat:identifier>
               <cat:name>
                  <gco:ScopedName codeSpace="http://schemas.isotc211.org/19115/-3/mcc/1.0">pending</gco:ScopedName>
               </cat:name>
               <cat:definition>
                  <gco:CharacterString>committed to, but not yet addressed</gco:CharacterString>
               </cat:definition>
               <cat:description>
                  <gco:CharacterString>committed to, but not yet addressed</gco:CharacterString>
               </cat:description>
            </cat:CT_CodelistValue>
         </cat:codeEntry>
         <cat:codeEntry>
            <cat:CT_CodelistValue id="MD_ProgressCode_retired">
               <cat:identifier>
                  <gco:ScopedName codeSpace="http://schemas.isotc211.org/19115/-3/mcc/1.0">retired</gco:ScopedName>
               </cat:identifier>
               <cat:name>
                  <gco:ScopedName codeSpace="http://schemas.isotc211.org/19115/-3/mcc/1.0">retired</gco:ScopedName>
               </cat:name>
               <cat:definition>
                  <gco:CharacterString>item is no longer recommended for use. It has not been superseded by another item</gco:CharacterString>
               </cat:definition>
               <cat:description>
                  <gco:CharacterString>item is no longer recommended for use. It has not been superseded by another item</gco:CharacterString>
               </cat:description>
            </cat:CT_CodelistValue>
         </cat:codeEntry>
         <cat:codeEntry>
            <cat:CT_CodelistValue id="MD_ProgressCode_superseded">
               <cat:identifier>
                  <gco:ScopedName codeSpace="http://schemas.isotc211.org/19115/-3/mcc/1.0">superseded</gco:ScopedName>
               </cat:identifier>
               <cat:name>
                  <gco:ScopedName codeSpace="http://schemas.isotc211.org/19115/-3/mcc/1.0">superseded</gco:ScopedName>
               </cat:name>
               <cat:definition>
                  <gco:CharacterString> replaced by new</gco:CharacterString>
               </cat:definition>
               <cat:description>
                  <gco:CharacterString> replaced by new</gco:CharacterString>
               </cat:description>
            </cat:CT_CodelistValue>
         </cat:codeEntry>
         <cat:codeEntry>
            <cat:CT_CodelistValue id="MD_ProgressCode_tentative">
               <cat:identifier>
                  <gco:ScopedName codeSpace="http://schemas.isotc211.org/19115/-3/mcc/1.0">tentative</gco:ScopedName>
               </cat:identifier>
               <cat:name>
                  <gco:ScopedName codeSpace="http://schemas.isotc211.org/19115/-3/mcc/1.0">tentative</gco:ScopedName>
               </cat:name>
               <cat:definition>
                  <gco:CharacterString>provisional changes likely before resource becomes final or complete</gco:CharacterString>
               </cat:definition>
               <cat:description>
                  <gco:CharacterString>provisional changes likely before resource becomes final or complete</gco:CharacterString>
               </cat:description>
            </cat:CT_CodelistValue>
         </cat:codeEntry>
         <cat:codeEntry>
            <cat:CT_CodelistValue id="MD_ProgressCode_valid">
               <cat:identifier>
                  <gco:ScopedName codeSpace="http://schemas.isotc211.org/19115/-3/mcc/1.0">valid</gco:ScopedName>
               </cat:identifier>
               <cat:name>
                  <gco:ScopedName codeSpace="http://schemas.isotc211.org/19115/-3/mcc/1.0">valid</gco:ScopedName>
               </cat:name>
               <cat:definition>
                  <gco:CharacterString>acceptable under specific conditions</gco:CharacterString>
               </cat:definition>
               <cat:description>
                  <gco:CharacterString>acceptable under specific conditions</gco:CharacterString>
               </cat:description>
            </cat:CT_CodelistValue>
         </cat:codeEntry>
         <cat:codeEntry>
            <cat:CT_CodelistValue id="MD_ProgressCode_accepted">
               <cat:identifier>
                  <gco:ScopedName codeSpace="http://schemas.isotc211.org/19115/-3/mcc/1.0">accepted</gco:ScopedName>
               </cat:identifier>
               <cat:name>
                  <gco:ScopedName codeSpace="http://schemas.isotc211.org/19115/-3/mcc/1.0">accepted</gco:ScopedName>
               </cat:name>
               <cat:definition>
                  <gco:CharacterString>agreed to by sponsor</gco:CharacterString>
               </cat:definition>
               <cat:description>
                  <gco:CharacterString>agreed to by sponsor</gco:CharacterString>
               </cat:description>
            </cat:CT_CodelistValue>
         </cat:codeEntry>
         <cat:codeEntry>
            <cat:CT_CodelistValue id="MD_ProgressCode_notAccepted">
               <cat:identifier>
                  <gco:ScopedName codeSpace="http://schemas.isotc211.org/19115/-3/mcc/1.0">notAccepted</gco:ScopedName>
               </cat:identifier>
               <cat:name>
                  <gco:ScopedName codeSpace="http://schemas.isotc211.org/19115/-3/mcc/1.0">notAccepted</gco:ScopedName>
               </cat:name>
               <cat:definition>
                  <gco:CharacterString>rejected by sponsor</gco:CharacterString>
               </cat:definition>
               <cat:description>
                  <gco:CharacterString>rejected by sponsor</gco:CharacterString>
               </cat:description>
            </cat:CT_CodelistValue>
         </cat:codeEntry>
         <cat:codeEntry>
            <cat:CT_CodelistValue id="MD_ProgressCode_withdrawn">
               <cat:identifier>
                  <gco:ScopedName codeSpace="http://schemas.isotc211.org/19115/-3/mcc/1.0">withdrawn</gco:ScopedName>
               </cat:identifier>
               <cat:name>
                  <gco:ScopedName codeSpace="http://schemas.isotc211.org/19115/-3/mcc/1.0">withdrawn</gco:ScopedName>
               </cat:name>
               <cat:definition>
                  <gco:CharacterString>removed from consideration </gco:CharacterString>
               </cat:definition>
               <cat:description>
                  <gco:CharacterString>removed from consideration </gco:CharacterString>
               </cat:description>
            </cat:CT_CodelistValue>
         </cat:codeEntry>
         <cat:codeEntry>
            <cat:CT_CodelistValue id="MD_ProgressCode_proposed">
               <cat:identifier>
                  <gco:ScopedName codeSpace="http://schemas.isotc211.org/19115/-3/mcc/1.0">proposed</gco:ScopedName>
               </cat:identifier>
               <cat:name>
                  <gco:ScopedName codeSpace="http://schemas.isotc211.org/19115/-3/mcc/1.0">proposed</gco:ScopedName>
               </cat:name>
               <cat:definition>
                  <gco:CharacterString>suggested that development needs to be undertaken</gco:CharacterString>
               </cat:definition>
               <cat:description>
                  <gco:CharacterString>suggested that development needs to be undertaken</gco:CharacterString>
               </cat:description>
            </cat:CT_CodelistValue>
         </cat:codeEntry>
         <cat:codeEntry>
            <cat:CT_CodelistValue id="MD_ProgressCode_deprecated">
               <cat:identifier>
                  <gco:ScopedName codeSpace="http://schemas.isotc211.org/19115/-3/mcc/1.0">deprecated</gco:ScopedName>
               </cat:identifier>
               <cat:name>
                  <gco:ScopedName codeSpace="http://schemas.isotc211.org/19115/-3/mcc/1.0">deprecated</gco:ScopedName>
               </cat:name>
               <cat:definition>
                  <gco:CharacterString>resource superseded and will become obsolete, use only for historical purposes </gco:CharacterString>
               </cat:definition>
               <cat:description>
                  <gco:CharacterString>resource superseded and will become obsolete, use only for historical purposes </gco:CharacterString>
               </cat:description>
            </cat:CT_CodelistValue>
         </cat:codeEntry>
      </cat:CT_Codelist>
   </cat:codelistItem>
   <cat:codelistItem>
      <cat:CT_Codelist id="MD_ScopeCode">
         <cat:identifier>
            <gco:ScopedName codeSpace="http://schemas.isotc211.org/19115/-3/mcc/1.0">MD_ScopeCode</gco:ScopedName>
         </cat:identifier>
         <cat:name>
            <gco:ScopedName codeSpace="http://schemas.isotc211.org/19115/-3/mcc/1.0">MD_ScopeCode</gco:ScopedName>
         </cat:name>
         <cat:definition>
            <gco:CharacterString>class of information to which the referencing entity applies</gco:CharacterString>
         </cat:definition>
         <cat:description>
            <gco:CharacterString>class of information to which the referencing entity applies</gco:CharacterString>
         </cat:description>
         <cat:codeEntry>
            <cat:CT_CodelistValue id="MD_ScopeCode_attribute">
               <cat:identifier>
                  <gco:ScopedName codeSpace="http://schemas.isotc211.org/19115/-3/mcc/1.0">attribute</gco:ScopedName>
               </cat:identifier>
               <cat:name>
                  <gco:ScopedName codeSpace="http://schemas.isotc211.org/19115/-3/mcc/1.0">attribute</gco:ScopedName>
               </cat:name>
               <cat:definition>
                  <gco:CharacterString>information applies to the attribute value</gco:CharacterString>
               </cat:definition>
               <cat:description>
                  <gco:CharacterString>information applies to the attribute value</gco:CharacterString>
               </cat:description>
            </cat:CT_CodelistValue>
         </cat:codeEntry>
         <cat:codeEntry>
            <cat:CT_CodelistValue id="MD_ScopeCode_attributeType">
               <cat:identifier>
                  <gco:ScopedName codeSpace="http://schemas.isotc211.org/19115/-3/mcc/1.0">attributeType</gco:ScopedName>
               </cat:identifier>
               <cat:name>
                  <gco:ScopedName codeSpace="http://schemas.isotc211.org/19115/-3/mcc/1.0">attributeType</gco:ScopedName>
               </cat:name>
               <cat:definition>
                  <gco:CharacterString>information applies to the characteristic of a feature</gco:CharacterString>
               </cat:definition>
               <cat:description>
                  <gco:CharacterString>information applies to the characteristic of a feature</gco:CharacterString>
               </cat:description>
            </cat:CT_CodelistValue>
         </cat:codeEntry>
         <cat:codeEntry>
            <cat:CT_CodelistValue id="MD_ScopeCode_collectionHardware">
               <cat:identifier>
                  <gco:ScopedName codeSpace="http://schemas.isotc211.org/19115/-3/mcc/1.0">collectionHardware</gco:ScopedName>
               </cat:identifier>
               <cat:name>
                  <gco:ScopedName codeSpace="http://schemas.isotc211.org/19115/-3/mcc/1.0">collectionHardware</gco:ScopedName>
               </cat:name>
               <cat:definition>
                  <gco:CharacterString>information applies to the collection hardware class</gco:CharacterString>
               </cat:definition>
               <cat:description>
                  <gco:CharacterString>information applies to the collection hardware class</gco:CharacterString>
               </cat:description>
            </cat:CT_CodelistValue>
         </cat:codeEntry>
         <cat:codeEntry>
            <cat:CT_CodelistValue id="MD_ScopeCode_collectionSession">
               <cat:identifier>
                  <gco:ScopedName codeSpace="http://schemas.isotc211.org/19115/-3/mcc/1.0">collectionSession</gco:ScopedName>
               </cat:identifier>
               <cat:name>
                  <gco:ScopedName codeSpace="http://schemas.isotc211.org/19115/-3/mcc/1.0">collectionSession</gco:ScopedName>
               </cat:name>
               <cat:definition>
                  <gco:CharacterString>information applies to the collection session</gco:CharacterString>
               </cat:definition>
               <cat:description>
                  <gco:CharacterString>information applies to the collection session</gco:CharacterString>
               </cat:description>
            </cat:CT_CodelistValue>
         </cat:codeEntry>
         <cat:codeEntry>
            <cat:CT_CodelistValue id="MD_ScopeCode_dataset">
               <cat:identifier>
                  <gco:ScopedName codeSpace="http://schemas.isotc211.org/19115/-3/mcc/1.0">dataset</gco:ScopedName>
               </cat:identifier>
               <cat:name>
                  <gco:ScopedName codeSpace="http://schemas.isotc211.org/19115/-3/mcc/1.0">dataset</gco:ScopedName>
               </cat:name>
               <cat:definition>
                  <gco:CharacterString>information applies to the dataset</gco:CharacterString>
               </cat:definition>
               <cat:description>
                  <gco:CharacterString>information applies to the dataset</gco:CharacterString>
               </cat:description>
            </cat:CT_CodelistValue>
         </cat:codeEntry>
         <cat:codeEntry>
            <cat:CT_CodelistValue id="MD_ScopeCode_series">
               <cat:identifier>
                  <gco:ScopedName codeSpace="http://schemas.isotc211.org/19115/-3/mcc/1.0">series</gco:ScopedName>
               </cat:identifier>
               <cat:name>
                  <gco:ScopedName codeSpace="http://schemas.isotc211.org/19115/-3/mcc/1.0">series</gco:ScopedName>
               </cat:name>
               <cat:definition>
                  <gco:CharacterString>information applies to the series</gco:CharacterString>
               </cat:definition>
               <cat:description>
                  <gco:CharacterString>information applies to the series</gco:CharacterString>
               </cat:description>
            </cat:CT_CodelistValue>
         </cat:codeEntry>
         <cat:codeEntry>
            <cat:CT_CodelistValue id="MD_ScopeCode_nonGeographicDataset">
               <cat:identifier>
                  <gco:ScopedName codeSpace="http://schemas.isotc211.org/19115/-3/mcc/1.0">nonGeographicDataset</gco:ScopedName>
               </cat:identifier>
               <cat:name>
                  <gco:ScopedName codeSpace="http://schemas.isotc211.org/19115/-3/mcc/1.0">nonGeographicDataset</gco:ScopedName>
               </cat:name>
               <cat:definition>
                  <gco:CharacterString>information applies to non-geographic data</gco:CharacterString>
               </cat:definition>
               <cat:description>
                  <gco:CharacterString>information applies to non-geographic data</gco:CharacterString>
               </cat:description>
            </cat:CT_CodelistValue>
         </cat:codeEntry>
         <cat:codeEntry>
            <cat:CT_CodelistValue id="MD_ScopeCode_dimensionGroup">
               <cat:identifier>
                  <gco:ScopedName codeSpace="http://schemas.isotc211.org/19115/-3/mcc/1.0">dimensionGroup</gco:ScopedName>
               </cat:identifier>
               <cat:name>
                  <gco:ScopedName codeSpace="http://schemas.isotc211.org/19115/-3/mcc/1.0">dimensionGroup</gco:ScopedName>
               </cat:name>
               <cat:definition>
                  <gco:CharacterString>information applies to a dimension group</gco:CharacterString>
               </cat:definition>
               <cat:description>
                  <gco:CharacterString>information applies to a dimension group</gco:CharacterString>
               </cat:description>
            </cat:CT_CodelistValue>
         </cat:codeEntry>
         <cat:codeEntry>
            <cat:CT_CodelistValue id="MD_ScopeCode_feature">
               <cat:identifier>
                  <gco:ScopedName codeSpace="http://schemas.isotc211.org/19115/-3/mcc/1.0">feature</gco:ScopedName>
               </cat:identifier>
               <cat:name>
                  <gco:ScopedName codeSpace="http://schemas.isotc211.org/19115/-3/mcc/1.0">feature</gco:ScopedName>
               </cat:name>
               <cat:definition>
                  <gco:CharacterString>information applies to a feature</gco:CharacterString>
               </cat:definition>
               <cat:description>
                  <gco:CharacterString>information applies to a feature</gco:CharacterString>
               </cat:description>
            </cat:CT_CodelistValue>
         </cat:codeEntry>
         <cat:codeEntry>
            <cat:CT_CodelistValue id="MD_ScopeCode_featureType">
               <cat:identifier>
                  <gco:ScopedName codeSpace="http://schemas.isotc211.org/19115/-3/mcc/1.0">featureType</gco:ScopedName>
               </cat:identifier>
               <cat:name>
                  <gco:ScopedName codeSpace="http://schemas.isotc211.org/19115/-3/mcc/1.0">featureType</gco:ScopedName>
               </cat:name>
               <cat:definition>
                  <gco:CharacterString>information applies to a feature type</gco:CharacterString>
               </cat:definition>
               <cat:description>
                  <gco:CharacterString>information applies to a feature type</gco:CharacterString>
               </cat:description>
            </cat:CT_CodelistValue>
         </cat:codeEntry>
         <cat:codeEntry>
            <cat:CT_CodelistValue id="MD_ScopeCode_propertyType">
               <cat:identifier>
                  <gco:ScopedName codeSpace="http://schemas.isotc211.org/19115/-3/mcc/1.0">propertyType</gco:ScopedName>
               </cat:identifier>
               <cat:name>
                  <gco:ScopedName codeSpace="http://schemas.isotc211.org/19115/-3/mcc/1.0">propertyType</gco:ScopedName>
               </cat:name>
               <cat:definition>
                  <gco:CharacterString>information applies to a property type</gco:CharacterString>
               </cat:definition>
               <cat:description>
                  <gco:CharacterString>information applies to a property type</gco:CharacterString>
               </cat:description>
            </cat:CT_CodelistValue>
         </cat:codeEntry>
         <cat:codeEntry>
            <cat:CT_CodelistValue id="MD_ScopeCode_fieldSession">
               <cat:identifier>
                  <gco:ScopedName codeSpace="http://schemas.isotc211.org/19115/-3/mcc/1.0">fieldSession</gco:ScopedName>
               </cat:identifier>
               <cat:name>
                  <gco:ScopedName codeSpace="http://schemas.isotc211.org/19115/-3/mcc/1.0">fieldSession</gco:ScopedName>
               </cat:name>
               <cat:definition>
                  <gco:CharacterString>information applies to a field session</gco:CharacterString>
               </cat:definition>
               <cat:description>
                  <gco:CharacterString>information applies to a field session</gco:CharacterString>
               </cat:description>
            </cat:CT_CodelistValue>
         </cat:codeEntry>
         <cat:codeEntry>
            <cat:CT_CodelistValue id="MD_ScopeCode_software">
               <cat:identifier>
                  <gco:ScopedName codeSpace="http://schemas.isotc211.org/19115/-3/mcc/1.0">software</gco:ScopedName>
               </cat:identifier>
               <cat:name>
                  <gco:ScopedName codeSpace="http://schemas.isotc211.org/19115/-3/mcc/1.0">software</gco:ScopedName>
               </cat:name>
               <cat:definition>
                  <gco:CharacterString>information applies to a computer program or routine</gco:CharacterString>
               </cat:definition>
               <cat:description>
                  <gco:CharacterString>information applies to a computer program or routine</gco:CharacterString>
               </cat:description>
            </cat:CT_CodelistValue>
         </cat:codeEntry>
         <cat:codeEntry>
            <cat:CT_CodelistValue id="MD_ScopeCode_service">
               <cat:identifier>
                  <gco:ScopedName codeSpace="http://schemas.isotc211.org/19115/-3/mcc/1.0">service</gco:ScopedName>
               </cat:identifier>
               <cat:name>
                  <gco:ScopedName codeSpace="http://schemas.isotc211.org/19115/-3/mcc/1.0">service</gco:ScopedName>
               </cat:name>
               <cat:definition>
                  <gco:CharacterString>information applies to a capability which a service provider entity makes available to a service user entity through a set of interfaces that define a behaviour, such as a use case</gco:CharacterString>
               </cat:definition>
               <cat:description>
                  <gco:CharacterString>information applies to a capability which a service provider entity makes available to a service user entity through a set of interfaces that define a behaviour, such as a use case</gco:CharacterString>
               </cat:description>
            </cat:CT_CodelistValue>
         </cat:codeEntry>
         <cat:codeEntry>
            <cat:CT_CodelistValue id="MD_ScopeCode_model">
               <cat:identifier>
                  <gco:ScopedName codeSpace="http://schemas.isotc211.org/19115/-3/mcc/1.0">model</gco:ScopedName>
               </cat:identifier>
               <cat:name>
                  <gco:ScopedName codeSpace="http://schemas.isotc211.org/19115/-3/mcc/1.0">model</gco:ScopedName>
               </cat:name>
               <cat:definition>
                  <gco:CharacterString>information applies to a copy or imitation of an existing or hypothetical object</gco:CharacterString>
               </cat:definition>
               <cat:description>
                  <gco:CharacterString>information applies to a copy or imitation of an existing or hypothetical object</gco:CharacterString>
               </cat:description>
            </cat:CT_CodelistValue>
         </cat:codeEntry>
         <cat:codeEntry>
            <cat:CT_CodelistValue id="MD_ScopeCode_tile">
               <cat:identifier>
                  <gco:ScopedName codeSpace="http://schemas.isotc211.org/19115/-3/mcc/1.0">tile</gco:ScopedName>
               </cat:identifier>
               <cat:name>
                  <gco:ScopedName codeSpace="http://schemas.isotc211.org/19115/-3/mcc/1.0">tile</gco:ScopedName>
               </cat:name>
               <cat:definition>
                  <gco:CharacterString>information applies to a tile, a spatial subset of geographic data</gco:CharacterString>
               </cat:definition>
               <cat:description>
                  <gco:CharacterString>information applies to a tile, a spatial subset of geographic data</gco:CharacterString>
               </cat:description>
            </cat:CT_CodelistValue>
         </cat:codeEntry>
         <cat:codeEntry>
            <cat:CT_CodelistValue id="MD_ScopeCode_metadata">
               <cat:identifier>
                  <gco:ScopedName codeSpace="http://schemas.isotc211.org/19115/-3/mcc/1.0">metadata</gco:ScopedName>
               </cat:identifier>
               <cat:name>
                  <gco:ScopedName codeSpace="http://schemas.isotc211.org/19115/-3/mcc/1.0">metadata</gco:ScopedName>
               </cat:name>
               <cat:definition>
                  <gco:CharacterString>information applies to metadata</gco:CharacterString>
               </cat:definition>
               <cat:description>
                  <gco:CharacterString>information applies to metadata</gco:CharacterString>
               </cat:description>
            </cat:CT_CodelistValue>
         </cat:codeEntry>
         <cat:codeEntry>
            <cat:CT_CodelistValue id="MD_ScopeCode_initiative">
               <cat:identifier>
                  <gco:ScopedName codeSpace="http://schemas.isotc211.org/19115/-3/mcc/1.0">initiative</gco:ScopedName>
               </cat:identifier>
               <cat:name>
                  <gco:ScopedName codeSpace="http://schemas.isotc211.org/19115/-3/mcc/1.0">initiative</gco:ScopedName>
               </cat:name>
               <cat:definition>
                  <gco:CharacterString>information applies to an initiative</gco:CharacterString>
               </cat:definition>
               <cat:description>
                  <gco:CharacterString>information applies to an initiative</gco:CharacterString>
               </cat:description>
            </cat:CT_CodelistValue>
         </cat:codeEntry>
         <cat:codeEntry>
            <cat:CT_CodelistValue id="MD_ScopeCode_sample">
               <cat:identifier>
                  <gco:ScopedName codeSpace="http://schemas.isotc211.org/19115/-3/mcc/1.0">sample</gco:ScopedName>
               </cat:identifier>
               <cat:name>
                  <gco:ScopedName codeSpace="http://schemas.isotc211.org/19115/-3/mcc/1.0">sample</gco:ScopedName>
               </cat:name>
               <cat:definition>
                  <gco:CharacterString>information applies to a sample</gco:CharacterString>
               </cat:definition>
               <cat:description>
                  <gco:CharacterString>information applies to a sample</gco:CharacterString>
               </cat:description>
            </cat:CT_CodelistValue>
         </cat:codeEntry>
         <cat:codeEntry>
            <cat:CT_CodelistValue id="MD_ScopeCode_document">
               <cat:identifier>
                  <gco:ScopedName codeSpace="http://schemas.isotc211.org/19115/-3/mcc/1.0">document</gco:ScopedName>
               </cat:identifier>
               <cat:name>
                  <gco:ScopedName codeSpace="http://schemas.isotc211.org/19115/-3/mcc/1.0">document</gco:ScopedName>
               </cat:name>
               <cat:definition>
                  <gco:CharacterString>information applies to a document</gco:CharacterString>
               </cat:definition>
               <cat:description>
                  <gco:CharacterString>information applies to a document</gco:CharacterString>
               </cat:description>
            </cat:CT_CodelistValue>
         </cat:codeEntry>
         <cat:codeEntry>
            <cat:CT_CodelistValue id="MD_ScopeCode_repository">
               <cat:identifier>
                  <gco:ScopedName codeSpace="http://schemas.isotc211.org/19115/-3/mcc/1.0">repository</gco:ScopedName>
               </cat:identifier>
               <cat:name>
                  <gco:ScopedName codeSpace="http://schemas.isotc211.org/19115/-3/mcc/1.0">repository</gco:ScopedName>
               </cat:name>
               <cat:definition>
                  <gco:CharacterString>information applies to a repository</gco:CharacterString>
               </cat:definition>
               <cat:description>
                  <gco:CharacterString>information applies to a repository</gco:CharacterString>
               </cat:description>
            </cat:CT_CodelistValue>
         </cat:codeEntry>
         <cat:codeEntry>
            <cat:CT_CodelistValue id="MD_ScopeCode_aggregate">
               <cat:identifier>
                  <gco:ScopedName codeSpace="http://schemas.isotc211.org/19115/-3/mcc/1.0">aggregate</gco:ScopedName>
               </cat:identifier>
               <cat:name>
                  <gco:ScopedName codeSpace="http://schemas.isotc211.org/19115/-3/mcc/1.0">aggregate</gco:ScopedName>
               </cat:name>
               <cat:definition>
                  <gco:CharacterString>information applies to an aggregate resource</gco:CharacterString>
               </cat:definition>
               <cat:description>
                  <gco:CharacterString>information applies to an aggregate resource</gco:CharacterString>
               </cat:description>
            </cat:CT_CodelistValue>
         </cat:codeEntry>
         <cat:codeEntry>
            <cat:CT_CodelistValue id="MD_ScopeCode_product">
               <cat:identifier>
                  <gco:ScopedName codeSpace="http://schemas.isotc211.org/19115/-3/mcc/1.0">product</gco:ScopedName>
               </cat:identifier>
               <cat:name>
                  <gco:ScopedName codeSpace="http://schemas.isotc211.org/19115/-3/mcc/1.0">product</gco:ScopedName>
               </cat:name>
               <cat:definition>
                  <gco:CharacterString>metadata describing an ISO 19131 data product specification</gco:CharacterString>
               </cat:definition>
               <cat:description>
                  <gco:CharacterString>metadata describing an ISO 19131 data product specification</gco:CharacterString>
               </cat:description>
            </cat:CT_CodelistValue>
         </cat:codeEntry>
         <cat:codeEntry>
            <cat:CT_CodelistValue id="MD_ScopeCode_collection">
               <cat:identifier>
                  <gco:ScopedName codeSpace="http://schemas.isotc211.org/19115/-3/mcc/1.0">collection</gco:ScopedName>
               </cat:identifier>
               <cat:name>
                  <gco:ScopedName codeSpace="http://schemas.isotc211.org/19115/-3/mcc/1.0">collection</gco:ScopedName>
               </cat:name>
               <cat:definition>
                  <gco:CharacterString>information applies to an unstructured set</gco:CharacterString>
               </cat:definition>
               <cat:description>
                  <gco:CharacterString>information applies to an unstructured set</gco:CharacterString>
               </cat:description>
            </cat:CT_CodelistValue>
         </cat:codeEntry>
         <cat:codeEntry>
            <cat:CT_CodelistValue id="MD_ScopeCode_coverage">
               <cat:identifier>
                  <gco:ScopedName codeSpace="http://schemas.isotc211.org/19115/-3/mcc/1.0">coverage</gco:ScopedName>
               </cat:identifier>
               <cat:name>
                  <gco:ScopedName codeSpace="http://schemas.isotc211.org/19115/-3/mcc/1.0">coverage</gco:ScopedName>
               </cat:name>
               <cat:definition>
                  <gco:CharacterString>information applies to a coverage</gco:CharacterString>
               </cat:definition>
               <cat:description>
                  <gco:CharacterString>information applies to a coverage</gco:CharacterString>
               </cat:description>
            </cat:CT_CodelistValue>
         </cat:codeEntry>
         <cat:codeEntry>
            <cat:CT_CodelistValue id="MD_ScopeCode_application">
               <cat:identifier>
                  <gco:ScopedName codeSpace="http://schemas.isotc211.org/19115/-3/mcc/1.0">application</gco:ScopedName>
               </cat:identifier>
               <cat:name>
                  <gco:ScopedName codeSpace="http://schemas.isotc211.org/19115/-3/mcc/1.0">application</gco:ScopedName>
               </cat:name>
               <cat:definition>
                  <gco:CharacterString>information resource hosted on a specific set of hardware and accessible over a network</gco:CharacterString>
               </cat:definition>
               <cat:description>
                  <gco:CharacterString>information resource hosted on a specific set of hardware and accessible over a network</gco:CharacterString>
               </cat:description>
            </cat:CT_CodelistValue>
         </cat:codeEntry>
      </cat:CT_Codelist>
   </cat:codelistItem>
   <cat:codelistItem>
      <cat:CT_Codelist id="MD_SpatialRepresentationTypeCode">
         <cat:identifier>
            <gco:ScopedName codeSpace="http://schemas.isotc211.org/19115/-3/mcc/1.0">MD_SpatialRepresentationTypeCode</gco:ScopedName>
         </cat:identifier>
         <cat:name>
            <gco:ScopedName codeSpace="http://schemas.isotc211.org/19115/-3/mcc/1.0">MD_SpatialRepresentationTypeCode</gco:ScopedName>
         </cat:name>
         <cat:definition>
            <gco:CharacterString>method used to represent geographic information in the resource</gco:CharacterString>
         </cat:definition>
         <cat:description>
            <gco:CharacterString>method used to represent geographic information in the resource</gco:CharacterString>
         </cat:description>
         <cat:codeEntry>
            <cat:CT_CodelistValue id="MD_SpatialRepresentationTypeCode_vector">
               <cat:identifier>
                  <gco:ScopedName codeSpace="http://schemas.isotc211.org/19115/-3/mcc/1.0">vector</gco:ScopedName>
               </cat:identifier>
               <cat:name>
                  <gco:ScopedName codeSpace="http://schemas.isotc211.org/19115/-3/mcc/1.0">vector</gco:ScopedName>
               </cat:name>
               <cat:definition>
                  <gco:CharacterString>vector data are used to represent geographic data</gco:CharacterString>
               </cat:definition>
               <cat:description>
                  <gco:CharacterString>vector data are used to represent geographic data</gco:CharacterString>
               </cat:description>
            </cat:CT_CodelistValue>
         </cat:codeEntry>
         <cat:codeEntry>
            <cat:CT_CodelistValue id="MD_SpatialRepresentationTypeCode_grid">
               <cat:identifier>
                  <gco:ScopedName codeSpace="http://schemas.isotc211.org/19115/-3/mcc/1.0">grid</gco:ScopedName>
               </cat:identifier>
               <cat:name>
                  <gco:ScopedName codeSpace="http://schemas.isotc211.org/19115/-3/mcc/1.0">grid</gco:ScopedName>
               </cat:name>
               <cat:definition>
                  <gco:CharacterString>grid data are used to represent geographic data</gco:CharacterString>
               </cat:definition>
               <cat:description>
                  <gco:CharacterString>grid data are used to represent geographic data</gco:CharacterString>
               </cat:description>
            </cat:CT_CodelistValue>
         </cat:codeEntry>
         <cat:codeEntry>
            <cat:CT_CodelistValue id="MD_SpatialRepresentationTypeCode_textTable">
               <cat:identifier>
                  <gco:ScopedName codeSpace="http://schemas.isotc211.org/19115/-3/mcc/1.0">textTable</gco:ScopedName>
               </cat:identifier>
               <cat:name>
                  <gco:ScopedName codeSpace="http://schemas.isotc211.org/19115/-3/mcc/1.0">textTable</gco:ScopedName>
               </cat:name>
               <cat:definition>
                  <gco:CharacterString>textual or tabular data are used to represent geographic data</gco:CharacterString>
               </cat:definition>
               <cat:description>
                  <gco:CharacterString>textual or tabular data are used to represent geographic data</gco:CharacterString>
               </cat:description>
            </cat:CT_CodelistValue>
         </cat:codeEntry>
         <cat:codeEntry>
            <cat:CT_CodelistValue id="MD_SpatialRepresentationTypeCode_tin">
               <cat:identifier>
                  <gco:ScopedName codeSpace="http://schemas.isotc211.org/19115/-3/mcc/1.0">tin</gco:ScopedName>
               </cat:identifier>
               <cat:name>
                  <gco:ScopedName codeSpace="http://schemas.isotc211.org/19115/-3/mcc/1.0">tin</gco:ScopedName>
               </cat:name>
               <cat:definition>
                  <gco:CharacterString>triangulated irregular network </gco:CharacterString>
               </cat:definition>
               <cat:description>
                  <gco:CharacterString>triangulated irregular network </gco:CharacterString>
               </cat:description>
            </cat:CT_CodelistValue>
         </cat:codeEntry>
         <cat:codeEntry>
            <cat:CT_CodelistValue id="MD_SpatialRepresentationTypeCode_stereoModel">
               <cat:identifier>
                  <gco:ScopedName codeSpace="http://schemas.isotc211.org/19115/-3/mcc/1.0">stereoModel</gco:ScopedName>
               </cat:identifier>
               <cat:name>
                  <gco:ScopedName codeSpace="http://schemas.isotc211.org/19115/-3/mcc/1.0">stereoModel</gco:ScopedName>
               </cat:name>
               <cat:definition>
                  <gco:CharacterString>three-dimensional view formed by the intersecting homologous rays of an overlapping pair of images </gco:CharacterString>
               </cat:definition>
               <cat:description>
                  <gco:CharacterString>three-dimensional view formed by the intersecting homologous rays of an overlapping pair of images </gco:CharacterString>
               </cat:description>
            </cat:CT_CodelistValue>
         </cat:codeEntry>
         <cat:codeEntry>
            <cat:CT_CodelistValue id="MD_SpatialRepresentationTypeCode_video">
               <cat:identifier>
                  <gco:ScopedName codeSpace="http://schemas.isotc211.org/19115/-3/mcc/1.0">video</gco:ScopedName>
               </cat:identifier>
               <cat:name>
                  <gco:ScopedName codeSpace="http://schemas.isotc211.org/19115/-3/mcc/1.0">video</gco:ScopedName>
               </cat:name>
               <cat:definition>
                  <gco:CharacterString>scene from a video recording </gco:CharacterString>
               </cat:definition>
               <cat:description>
                  <gco:CharacterString>scene from a video recording </gco:CharacterString>
               </cat:description>
            </cat:CT_CodelistValue>
         </cat:codeEntry>
      </cat:CT_Codelist>
   </cat:codelistItem>
</cat:CT_CodelistCatalogue>
