<?xml version="1.0" encoding="UTF-8"?><?xml-stylesheet type='text/xsl' href='./CodelistDictionary-v32.xsl'?><Dictionary xmlns="http://www.opengis.net/gml/3.2" xmlns:gml="http://www.opengis.net/gml/3.2" xmlns:xsi="http://www.w3.org/2001/XMLSchema-instance" gml:id="FC_RoleType" xsi:schemaLocation="http://www.opengis.net/gml/3.2 null">
  <description>Code list for the classifications of roles.&#13;
</description>
  <identifier codeSpace="http://www.isotc211.org/2014/gfc/1.1/2014-07-11">FC_RoleType</identifier>
  <dictionaryEntry>
    <Definition gml:id="_9016_11462">
      <description>Indicates an ordinary association</description>
      <identifier codeSpace="http://www.isotc211.org/2014/gfc/1.1/2014-07-11/FC_RoleType">ordinary</identifier>
    </Definition>
  </dictionaryEntry>
  <dictionaryEntry>
    <Definition gml:id="_9016_11463">
      <description>Indicates a UML aggregation (part role).</description>
      <identifier codeSpace="http://www.isotc211.org/2014/gfc/1.1/2014-07-11/FC_RoleType">aggregation</identifier>
    </Definition>
  </dictionaryEntry>
  <dictionaryEntry>
    <Definition gml:id="_9016_11464">
      <description>Indicates a UML composition (part role).</description>
      <identifier codeSpace="http://www.isotc211.org/2014/gfc/1.1/2014-07-11/FC_RoleType">composition</identifier>
    </Definition>
  </dictionaryEntry>
</Dictionary>
