<?xml-stylesheet type='text/xsl' href='./CodelistDictionary-v32.xsl'?><Dictionary xmlns="http://www.opengis.net/gml/3.2" xmlns:gml="http://www.opengis.net/gml/3.2" xmlns:xsi="http://www.w3.org/2001/XMLSchema-instance" gml:id="MI_OperationTypeCode" xsi:schemaLocation="http://www.opengis.net/gml/3.2 null">
  <description>
  </description>
  <identifier codeSpace="http://www.isotc211.org/2014/mac/1.0/2014-07-11">MI_OperationTypeCode</identifier>
  <dictionaryEntry>
    <Definition gml:id="_12418_18999">
      <description>
      </description>
      <identifier codeSpace="http://www.isotc211.org/2014/mac/1.0/2014-07-11/MI_OperationTypeCode">real</identifier>
    </Definition>
  </dictionaryEntry>
  <dictionaryEntry>
    <Definition gml:id="_12418_19000">
      <description>
      </description>
      <identifier codeSpace="http://www.isotc211.org/2014/mac/1.0/2014-07-11/MI_OperationTypeCode">simulated</identifier>
    </Definition>
  </dictionaryEntry>
  <dictionaryEntry>
    <Definition gml:id="_12418_19001">
      <description>
      </description>
      <identifier codeSpace="http://www.isotc211.org/2014/mac/1.0/2014-07-11/MI_OperationTypeCode">synthetic</identifier>
    </Definition>
  </dictionaryEntry>
</Dictionary>
