<?xml version="1.0" encoding="UTF-8"?>
<cat:CT_CodelistCatalogue xmlns:xsi="http://www.w3.org/2001/XMLSchema-instance"
   xmlns:cat="https://schemas.isotc211.org/19139/-/cat/1.2"
   xmlns:lan="https://schemas.isotc211.org/19115/-1/lan/1.3"
   xmlns:gco="https://schemas.isotc211.org/19103/-/gco/1.2" xmlns:xlink="http://www.w3.org/1999/xlink"
   xmlns:gml="http://www.opengis.net/gml/3.2"
   xsi:schemaLocation="https://schemas.isotc211.org/19139/-/cat/1.2 ../../../-3/cat/1.2.0/cat.xsd">
   <!--=====Catalogue description=====-->
   <cat:name>
      <gco:CharacterString>Codelists from the Metadata for Resource Identification (mri) Namespace</gco:CharacterString>
   </cat:name>
   <cat:scope>
      <gco:CharacterString>Codelists from the Metadata for Resource Identification (mri) Namespace</gco:CharacterString>
   </cat:scope>
   <cat:fieldOfApplication>
      <gco:CharacterString>ISO TC211 Metadata Standards</gco:CharacterString>
   </cat:fieldOfApplication>
   <cat:versionNumber>
      <gco:CharacterString>0.1</gco:CharacterString>
   </cat:versionNumber>
   <cat:versionDate>
      <gco:Date>2017-09-10</gco:Date>
   </cat:versionDate>
   <cat:locale>
      <lan:PT_Locale>
         <lan:language>
            <lan:LanguageCode codeList="https://schemas.isotc211.org/19115/resources/Codelist/cat/codelists.xml#LanguageCode" codeListValue="eng">eng</lan:LanguageCode>
         </lan:language>
         <lan:characterEncoding>
            <lan:MD_CharacterSetCode codeList="https://schemas.isotc211.org/19115/resources/Codelist/cat/codelists.xml#MD_CharacterSetCode"
               codeListValue="UTF-8">UTF-8</lan:MD_CharacterSetCode>
         </lan:characterEncoding>
      </lan:PT_Locale>
   </cat:locale>
   <!--============================= Codelists =======================================-->
   <cat:codelistItem>
      <cat:CT_Codelist id="DS_AssociationTypeCode">
         <cat:identifier>
            <gco:ScopedName codeSpace="https://schemas.isotc211.org/19115/-3/mri/1.0">DS_AssociationTypeCode</gco:ScopedName>
         </cat:identifier>
         <cat:name>
            <gco:ScopedName codeSpace="https://schemas.isotc211.org/19115/-3/mri/1.0">DS_AssociationTypeCode</gco:ScopedName>
         </cat:name>
         <cat:definition>
            <gco:CharacterString>justification for the correlation of two resources</gco:CharacterString>
         </cat:definition>
         <cat:description>
            <gco:CharacterString>justification for the correlation of two resources</gco:CharacterString>
         </cat:description>
         <cat:codeEntry>
            <cat:CT_CodelistValue id="DS_AssociationTypeCode_crossReference">
               <cat:identifier>
                  <gco:ScopedName codeSpace="https://schemas.isotc211.org/19115/-3/mri/1.0">crossReference</gco:ScopedName>
               </cat:identifier>
               <cat:name>
                  <gco:ScopedName codeSpace="https://schemas.isotc211.org/19115/-3/mri/1.0">crossReference</gco:ScopedName>
               </cat:name>
               <cat:definition>
                  <gco:CharacterString>reference from one resource to another</gco:CharacterString>
               </cat:definition>
               <cat:description>
                  <gco:CharacterString>reference from one resource to another</gco:CharacterString>
               </cat:description>
            </cat:CT_CodelistValue>
         </cat:codeEntry>
         <cat:codeEntry>
            <cat:CT_CodelistValue id="DS_AssociationTypeCode_largerWorkCitation">
               <cat:identifier>
                  <gco:ScopedName codeSpace="https://schemas.isotc211.org/19115/-3/mri/1.0">largerWorkCitation</gco:ScopedName>
               </cat:identifier>
               <cat:name>
                  <gco:ScopedName codeSpace="https://schemas.isotc211.org/19115/-3/mri/1.0">largerWorkCitation</gco:ScopedName>
               </cat:name>
               <cat:definition>
                  <gco:CharacterString>reference to a master resource of which this one is a part</gco:CharacterString>
               </cat:definition>
               <cat:description>
                  <gco:CharacterString>reference to a master resource of which this one is a part</gco:CharacterString>
               </cat:description>
            </cat:CT_CodelistValue>
         </cat:codeEntry>
         <cat:codeEntry>
            <cat:CT_CodelistValue id="DS_AssociationTypeCode_partOfSeamlessDatabase">
               <cat:identifier>
                  <gco:ScopedName codeSpace="https://schemas.isotc211.org/19115/-3/mri/1.0">partOfSeamlessDatabase</gco:ScopedName>
               </cat:identifier>
               <cat:name>
                  <gco:ScopedName codeSpace="https://schemas.isotc211.org/19115/-3/mri/1.0">partOfSeamlessDatabase</gco:ScopedName>
               </cat:name>
               <cat:definition>
                  <gco:CharacterString>part of same structured set of data held in a computer</gco:CharacterString>
               </cat:definition>
               <cat:description>
                  <gco:CharacterString>part of same structured set of data held in a computer</gco:CharacterString>
               </cat:description>
            </cat:CT_CodelistValue>
         </cat:codeEntry>
         <cat:codeEntry>
            <cat:CT_CodelistValue id="DS_AssociationTypeCode_stereoMate">
               <cat:identifier>
                  <gco:ScopedName codeSpace="https://schemas.isotc211.org/19115/-3/mri/1.0">stereoMate</gco:ScopedName>
               </cat:identifier>
               <cat:name>
                  <gco:ScopedName codeSpace="https://schemas.isotc211.org/19115/-3/mri/1.0">stereoMate</gco:ScopedName>
               </cat:name>
               <cat:definition>
                  <gco:CharacterString>part of a set of imagery that when used together, provides three-dimensional images</gco:CharacterString>
               </cat:definition>
               <cat:description>
                  <gco:CharacterString>part of a set of imagery that when used together, provides three-dimensional images</gco:CharacterString>
               </cat:description>
            </cat:CT_CodelistValue>
         </cat:codeEntry>
         <cat:codeEntry>
            <cat:CT_CodelistValue id="DS_AssociationTypeCode_isComposedOf">
               <cat:identifier>
                  <gco:ScopedName codeSpace="https://schemas.isotc211.org/19115/-3/mri/1.0">isComposedOf</gco:ScopedName>
               </cat:identifier>
               <cat:name>
                  <gco:ScopedName codeSpace="https://schemas.isotc211.org/19115/-3/mri/1.0">isComposedOf</gco:ScopedName>
               </cat:name>
               <cat:definition>
                  <gco:CharacterString>reference to resources that are parts of this resource</gco:CharacterString>
               </cat:definition>
               <cat:description>
                  <gco:CharacterString>reference to resources that are parts of this resource</gco:CharacterString>
               </cat:description>
            </cat:CT_CodelistValue>
         </cat:codeEntry>
         <cat:codeEntry>
            <cat:CT_CodelistValue id="DS_AssociationTypeCode_collectiveTitle">
               <cat:identifier>
                  <gco:ScopedName codeSpace="https://schemas.isotc211.org/19115/-3/mri/1.0">collectiveTitle</gco:ScopedName>
               </cat:identifier>
               <cat:name>
                  <gco:ScopedName codeSpace="https://schemas.isotc211.org/19115/-3/mri/1.0">collectiveTitle</gco:ScopedName>
               </cat:name>
               <cat:definition>
                  <gco:CharacterString>common title for a collection of resources. NOTE:  title identifies elements of a series collectively, combined with information about what volumes are available at the source cite</gco:CharacterString>
               </cat:definition>
               <cat:description>
                  <gco:CharacterString>common title for a collection of resources. NOTE:  title identifies elements of a series collectively, combined with information about what volumes are available at the source cite</gco:CharacterString>
               </cat:description>
            </cat:CT_CodelistValue>
         </cat:codeEntry>
         <cat:codeEntry>
            <cat:CT_CodelistValue id="DS_AssociationTypeCode_series">
               <cat:identifier>
                  <gco:ScopedName codeSpace="https://schemas.isotc211.org/19115/-3/mri/1.0">series</gco:ScopedName>
               </cat:identifier>
               <cat:name>
                  <gco:ScopedName codeSpace="https://schemas.isotc211.org/19115/-3/mri/1.0">series</gco:ScopedName>
               </cat:name>
               <cat:definition>
                  <gco:CharacterString>associated through a common heritage such as produced to a common product specification</gco:CharacterString>
               </cat:definition>
               <cat:description>
                  <gco:CharacterString>associated through a common heritage such as produced to a common product specification</gco:CharacterString>
               </cat:description>
            </cat:CT_CodelistValue>
         </cat:codeEntry>
         <cat:codeEntry>
            <cat:CT_CodelistValue id="DS_AssociationTypeCode_dependency">
               <cat:identifier>
                  <gco:ScopedName codeSpace="https://schemas.isotc211.org/19115/-3/mri/1.0">dependency</gco:ScopedName>
               </cat:identifier>
               <cat:name>
                  <gco:ScopedName codeSpace="https://schemas.isotc211.org/19115/-3/mri/1.0">dependency</gco:ScopedName>
               </cat:name>
               <cat:definition>
                  <gco:CharacterString>associated through a dependency</gco:CharacterString>
               </cat:definition>
               <cat:description>
                  <gco:CharacterString>associated through a dependency</gco:CharacterString>
               </cat:description>
            </cat:CT_CodelistValue>
         </cat:codeEntry>
         <cat:codeEntry>
            <cat:CT_CodelistValue id="DS_AssociationTypeCode_revisionOf">
               <cat:identifier>
                  <gco:ScopedName codeSpace="https://schemas.isotc211.org/19115/-3/mri/1.0">revisionOf</gco:ScopedName>
               </cat:identifier>
               <cat:name>
                  <gco:ScopedName codeSpace="https://schemas.isotc211.org/19115/-3/mri/1.0">revisionOf</gco:ScopedName>
               </cat:name>
               <cat:definition>
                  <gco:CharacterString>resource is a revision of associated resource</gco:CharacterString>
               </cat:definition>
               <cat:description>
                  <gco:CharacterString>resource is a revision of associated resource</gco:CharacterString>
               </cat:description>
            </cat:CT_CodelistValue>
         </cat:codeEntry>
      </cat:CT_Codelist>
   </cat:codelistItem>
   <cat:codelistItem>
      <cat:CT_Codelist id="DS_InitiativeTypeCode">
         <cat:identifier>
            <gco:ScopedName codeSpace="https://schemas.isotc211.org/19115/-3/mri/1.0">DS_InitiativeTypeCode</gco:ScopedName>
         </cat:identifier>
         <cat:name>
            <gco:ScopedName codeSpace="https://schemas.isotc211.org/19115/-3/mri/1.0">DS_InitiativeTypeCode</gco:ScopedName>
         </cat:name>
         <cat:definition>
            <gco:CharacterString>type of aggregation activity in which resources are related</gco:CharacterString>
         </cat:definition>
         <cat:description>
            <gco:CharacterString>type of aggregation activity in which resources are related</gco:CharacterString>
         </cat:description>
         <cat:codeEntry>
            <cat:CT_CodelistValue id="DS_InitiativeTypeCode_campaign">
               <cat:identifier>
                  <gco:ScopedName codeSpace="https://schemas.isotc211.org/19115/-3/mri/1.0">campaign</gco:ScopedName>
               </cat:identifier>
               <cat:name>
                  <gco:ScopedName codeSpace="https://schemas.isotc211.org/19115/-3/mri/1.0">campaign</gco:ScopedName>
               </cat:name>
               <cat:definition>
                  <gco:CharacterString>series of organized planned actions </gco:CharacterString>
               </cat:definition>
               <cat:description>
                  <gco:CharacterString>series of organized planned actions </gco:CharacterString>
               </cat:description>
            </cat:CT_CodelistValue>
         </cat:codeEntry>
         <cat:codeEntry>
            <cat:CT_CodelistValue id="DS_InitiativeTypeCode_collection">
               <cat:identifier>
                  <gco:ScopedName codeSpace="https://schemas.isotc211.org/19115/-3/mri/1.0">collection</gco:ScopedName>
               </cat:identifier>
               <cat:name>
                  <gco:ScopedName codeSpace="https://schemas.isotc211.org/19115/-3/mri/1.0">collection</gco:ScopedName>
               </cat:name>
               <cat:definition>
                  <gco:CharacterString>accumulation of resources assembled for a specific purpose</gco:CharacterString>
               </cat:definition>
               <cat:description>
                  <gco:CharacterString>accumulation of resources assembled for a specific purpose</gco:CharacterString>
               </cat:description>
            </cat:CT_CodelistValue>
         </cat:codeEntry>
         <cat:codeEntry>
            <cat:CT_CodelistValue id="DS_InitiativeTypeCode_exercise">
               <cat:identifier>
                  <gco:ScopedName codeSpace="https://schemas.isotc211.org/19115/-3/mri/1.0">exercise</gco:ScopedName>
               </cat:identifier>
               <cat:name>
                  <gco:ScopedName codeSpace="https://schemas.isotc211.org/19115/-3/mri/1.0">exercise</gco:ScopedName>
               </cat:name>
               <cat:definition>
                  <gco:CharacterString>specific performance of a function or group of functions</gco:CharacterString>
               </cat:definition>
               <cat:description>
                  <gco:CharacterString>specific performance of a function or group of functions</gco:CharacterString>
               </cat:description>
            </cat:CT_CodelistValue>
         </cat:codeEntry>
         <cat:codeEntry>
            <cat:CT_CodelistValue id="DS_InitiativeTypeCode_experiment">
               <cat:identifier>
                  <gco:ScopedName codeSpace="https://schemas.isotc211.org/19115/-3/mri/1.0">experiment</gco:ScopedName>
               </cat:identifier>
               <cat:name>
                  <gco:ScopedName codeSpace="https://schemas.isotc211.org/19115/-3/mri/1.0">experiment</gco:ScopedName>
               </cat:name>
               <cat:definition>
                  <gco:CharacterString>process designed to find if something is effective or valid</gco:CharacterString>
               </cat:definition>
               <cat:description>
                  <gco:CharacterString>process designed to find if something is effective or valid</gco:CharacterString>
               </cat:description>
            </cat:CT_CodelistValue>
         </cat:codeEntry>
         <cat:codeEntry>
            <cat:CT_CodelistValue id="DS_InitiativeTypeCode_investigation">
               <cat:identifier>
                  <gco:ScopedName codeSpace="https://schemas.isotc211.org/19115/-3/mri/1.0">investigation</gco:ScopedName>
               </cat:identifier>
               <cat:name>
                  <gco:ScopedName codeSpace="https://schemas.isotc211.org/19115/-3/mri/1.0">investigation</gco:ScopedName>
               </cat:name>
               <cat:definition>
                  <gco:CharacterString>search or systematic inquiry</gco:CharacterString>
               </cat:definition>
               <cat:description>
                  <gco:CharacterString>search or systematic inquiry</gco:CharacterString>
               </cat:description>
            </cat:CT_CodelistValue>
         </cat:codeEntry>
         <cat:codeEntry>
            <cat:CT_CodelistValue id="DS_InitiativeTypeCode_mission">
               <cat:identifier>
                  <gco:ScopedName codeSpace="https://schemas.isotc211.org/19115/-3/mri/1.0">mission</gco:ScopedName>
               </cat:identifier>
               <cat:name>
                  <gco:ScopedName codeSpace="https://schemas.isotc211.org/19115/-3/mri/1.0">mission</gco:ScopedName>
               </cat:name>
               <cat:definition>
                  <gco:CharacterString>specific operation of a data collection system</gco:CharacterString>
               </cat:definition>
               <cat:description>
                  <gco:CharacterString>specific operation of a data collection system</gco:CharacterString>
               </cat:description>
            </cat:CT_CodelistValue>
         </cat:codeEntry>
         <cat:codeEntry>
            <cat:CT_CodelistValue id="DS_InitiativeTypeCode_sensor">
               <cat:identifier>
                  <gco:ScopedName codeSpace="https://schemas.isotc211.org/19115/-3/mri/1.0">sensor</gco:ScopedName>
               </cat:identifier>
               <cat:name>
                  <gco:ScopedName codeSpace="https://schemas.isotc211.org/19115/-3/mri/1.0">sensor</gco:ScopedName>
               </cat:name>
               <cat:definition>
                  <gco:CharacterString>device or piece of equipment which detects or records</gco:CharacterString>
               </cat:definition>
               <cat:description>
                  <gco:CharacterString>device or piece of equipment which detects or records</gco:CharacterString>
               </cat:description>
            </cat:CT_CodelistValue>
         </cat:codeEntry>
         <cat:codeEntry>
            <cat:CT_CodelistValue id="DS_InitiativeTypeCode_operation">
               <cat:identifier>
                  <gco:ScopedName codeSpace="https://schemas.isotc211.org/19115/-3/mri/1.0">operation</gco:ScopedName>
               </cat:identifier>
               <cat:name>
                  <gco:ScopedName codeSpace="https://schemas.isotc211.org/19115/-3/mri/1.0">operation</gco:ScopedName>
               </cat:name>
               <cat:definition>
                  <gco:CharacterString>action that is part of a series of actions</gco:CharacterString>
               </cat:definition>
               <cat:description>
                  <gco:CharacterString>action that is part of a series of actions</gco:CharacterString>
               </cat:description>
            </cat:CT_CodelistValue>
         </cat:codeEntry>
         <cat:codeEntry>
            <cat:CT_CodelistValue id="DS_InitiativeTypeCode_platform">
               <cat:identifier>
                  <gco:ScopedName codeSpace="https://schemas.isotc211.org/19115/-3/mri/1.0">platform</gco:ScopedName>
               </cat:identifier>
               <cat:name>
                  <gco:ScopedName codeSpace="https://schemas.isotc211.org/19115/-3/mri/1.0">platform</gco:ScopedName>
               </cat:name>
               <cat:definition>
                  <gco:CharacterString>vehicle or other support base that holds a sensor</gco:CharacterString>
               </cat:definition>
               <cat:description>
                  <gco:CharacterString>vehicle or other support base that holds a sensor</gco:CharacterString>
               </cat:description>
            </cat:CT_CodelistValue>
         </cat:codeEntry>
         <cat:codeEntry>
            <cat:CT_CodelistValue id="DS_InitiativeTypeCode_process">
               <cat:identifier>
                  <gco:ScopedName codeSpace="https://schemas.isotc211.org/19115/-3/mri/1.0">process</gco:ScopedName>
               </cat:identifier>
               <cat:name>
                  <gco:ScopedName codeSpace="https://schemas.isotc211.org/19115/-3/mri/1.0">process</gco:ScopedName>
               </cat:name>
               <cat:definition>
                  <gco:CharacterString>method of doing something involving a number of steps</gco:CharacterString>
               </cat:definition>
               <cat:description>
                  <gco:CharacterString>method of doing something involving a number of steps</gco:CharacterString>
               </cat:description>
            </cat:CT_CodelistValue>
         </cat:codeEntry>
         <cat:codeEntry>
            <cat:CT_CodelistValue id="DS_InitiativeTypeCode_program">
               <cat:identifier>
                  <gco:ScopedName codeSpace="https://schemas.isotc211.org/19115/-3/mri/1.0">program</gco:ScopedName>
               </cat:identifier>
               <cat:name>
                  <gco:ScopedName codeSpace="https://schemas.isotc211.org/19115/-3/mri/1.0">program</gco:ScopedName>
               </cat:name>
               <cat:definition>
                  <gco:CharacterString>specific planned activity</gco:CharacterString>
               </cat:definition>
               <cat:description>
                  <gco:CharacterString>specific planned activity</gco:CharacterString>
               </cat:description>
            </cat:CT_CodelistValue>
         </cat:codeEntry>
         <cat:codeEntry>
            <cat:CT_CodelistValue id="DS_InitiativeTypeCode_project">
               <cat:identifier>
                  <gco:ScopedName codeSpace="https://schemas.isotc211.org/19115/-3/mri/1.0">project</gco:ScopedName>
               </cat:identifier>
               <cat:name>
                  <gco:ScopedName codeSpace="https://schemas.isotc211.org/19115/-3/mri/1.0">project</gco:ScopedName>
               </cat:name>
               <cat:definition>
                  <gco:CharacterString>organized undertaking, research, or development</gco:CharacterString>
               </cat:definition>
               <cat:description>
                  <gco:CharacterString>organized undertaking, research, or development</gco:CharacterString>
               </cat:description>
            </cat:CT_CodelistValue>
         </cat:codeEntry>
         <cat:codeEntry>
            <cat:CT_CodelistValue id="DS_InitiativeTypeCode_study">
               <cat:identifier>
                  <gco:ScopedName codeSpace="https://schemas.isotc211.org/19115/-3/mri/1.0">study</gco:ScopedName>
               </cat:identifier>
               <cat:name>
                  <gco:ScopedName codeSpace="https://schemas.isotc211.org/19115/-3/mri/1.0">study</gco:ScopedName>
               </cat:name>
               <cat:definition>
                  <gco:CharacterString>examination or investigation </gco:CharacterString>
               </cat:definition>
               <cat:description>
                  <gco:CharacterString>examination or investigation </gco:CharacterString>
               </cat:description>
            </cat:CT_CodelistValue>
         </cat:codeEntry>
         <cat:codeEntry>
            <cat:CT_CodelistValue id="DS_InitiativeTypeCode_task">
               <cat:identifier>
                  <gco:ScopedName codeSpace="https://schemas.isotc211.org/19115/-3/mri/1.0">task</gco:ScopedName>
               </cat:identifier>
               <cat:name>
                  <gco:ScopedName codeSpace="https://schemas.isotc211.org/19115/-3/mri/1.0">task</gco:ScopedName>
               </cat:name>
               <cat:definition>
                  <gco:CharacterString>piece of work</gco:CharacterString>
               </cat:definition>
               <cat:description>
                  <gco:CharacterString>piece of work</gco:CharacterString>
               </cat:description>
            </cat:CT_CodelistValue>
         </cat:codeEntry>
         <cat:codeEntry>
            <cat:CT_CodelistValue id="DS_InitiativeTypeCode_trial">
               <cat:identifier>
                  <gco:ScopedName codeSpace="https://schemas.isotc211.org/19115/-3/mri/1.0">trial</gco:ScopedName>
               </cat:identifier>
               <cat:name>
                  <gco:ScopedName codeSpace="https://schemas.isotc211.org/19115/-3/mri/1.0">trial</gco:ScopedName>
               </cat:name>
               <cat:definition>
                  <gco:CharacterString>process of testing to discover or demonstrate something</gco:CharacterString>
               </cat:definition>
               <cat:description>
                  <gco:CharacterString>process of testing to discover or demonstrate something</gco:CharacterString>
               </cat:description>
            </cat:CT_CodelistValue>
         </cat:codeEntry>
      </cat:CT_Codelist>
   </cat:codelistItem>
   <cat:codelistItem>
      <cat:CT_Codelist id="MD_KeywordTypeCode">
         <cat:identifier>
            <gco:ScopedName codeSpace="https://schemas.isotc211.org/19115/-3/mri/1.0">MD_KeywordTypeCode</gco:ScopedName>
         </cat:identifier>
         <cat:name>
            <gco:ScopedName codeSpace="https://schemas.isotc211.org/19115/-3/mri/1.0">MD_KeywordTypeCode</gco:ScopedName>
         </cat:name>
         <cat:definition>
            <gco:CharacterString>methods used to group similar keywords</gco:CharacterString>
         </cat:definition>
         <cat:description>
            <gco:CharacterString>methods used to group similar keywords</gco:CharacterString>
         </cat:description>
         <cat:codeEntry>
            <cat:CT_CodelistValue id="MD_KeywordTypeCode_discipline">
               <cat:identifier>
                  <gco:ScopedName codeSpace="https://schemas.isotc211.org/19115/-3/mri/1.0">discipline</gco:ScopedName>
               </cat:identifier>
               <cat:name>
                  <gco:ScopedName codeSpace="https://schemas.isotc211.org/19115/-3/mri/1.0">discipline</gco:ScopedName>
               </cat:name>
               <cat:definition>
                  <gco:CharacterString>keyword identifies a branch of instruction or specialized learning</gco:CharacterString>
               </cat:definition>
               <cat:description>
                  <gco:CharacterString>keyword identifies a branch of instruction or specialized learning</gco:CharacterString>
               </cat:description>
            </cat:CT_CodelistValue>
         </cat:codeEntry>
         <cat:codeEntry>
            <cat:CT_CodelistValue id="MD_KeywordTypeCode_place">
               <cat:identifier>
                  <gco:ScopedName codeSpace="https://schemas.isotc211.org/19115/-3/mri/1.0">place</gco:ScopedName>
               </cat:identifier>
               <cat:name>
                  <gco:ScopedName codeSpace="https://schemas.isotc211.org/19115/-3/mri/1.0">place</gco:ScopedName>
               </cat:name>
               <cat:definition>
                  <gco:CharacterString>keyword identifies a location</gco:CharacterString>
               </cat:definition>
               <cat:description>
                  <gco:CharacterString>keyword identifies a location</gco:CharacterString>
               </cat:description>
            </cat:CT_CodelistValue>
         </cat:codeEntry>
         <cat:codeEntry>
            <cat:CT_CodelistValue id="MD_KeywordTypeCode_stratum">
               <cat:identifier>
                  <gco:ScopedName codeSpace="https://schemas.isotc211.org/19115/-3/mri/1.0">stratum</gco:ScopedName>
               </cat:identifier>
               <cat:name>
                  <gco:ScopedName codeSpace="https://schemas.isotc211.org/19115/-3/mri/1.0">stratum</gco:ScopedName>
               </cat:name>
               <cat:definition>
                  <gco:CharacterString>keyword identifies the layer(s) of any deposited substance or levels within an ordered system</gco:CharacterString>
               </cat:definition>
               <cat:description>
                  <gco:CharacterString>keyword identifies the layer(s) of any deposited substance or levels within an ordered system</gco:CharacterString>
               </cat:description>
            </cat:CT_CodelistValue>
         </cat:codeEntry>
         <cat:codeEntry>
            <cat:CT_CodelistValue id="MD_KeywordTypeCode_temporal">
               <cat:identifier>
                  <gco:ScopedName codeSpace="https://schemas.isotc211.org/19115/-3/mri/1.0">temporal</gco:ScopedName>
               </cat:identifier>
               <cat:name>
                  <gco:ScopedName codeSpace="https://schemas.isotc211.org/19115/-3/mri/1.0">temporal</gco:ScopedName>
               </cat:name>
               <cat:definition>
                  <gco:CharacterString>keyword identifies a time period related to the resource</gco:CharacterString>
               </cat:definition>
               <cat:description>
                  <gco:CharacterString>keyword identifies a time period related to the resource</gco:CharacterString>
               </cat:description>
            </cat:CT_CodelistValue>
         </cat:codeEntry>
         <cat:codeEntry>
            <cat:CT_CodelistValue id="MD_KeywordTypeCode_theme">
               <cat:identifier>
                  <gco:ScopedName codeSpace="https://schemas.isotc211.org/19115/-3/mri/1.0">theme</gco:ScopedName>
               </cat:identifier>
               <cat:name>
                  <gco:ScopedName codeSpace="https://schemas.isotc211.org/19115/-3/mri/1.0">theme</gco:ScopedName>
               </cat:name>
               <cat:definition>
                  <gco:CharacterString>keyword identifies a particular subject or topic</gco:CharacterString>
               </cat:definition>
               <cat:description>
                  <gco:CharacterString>keyword identifies a particular subject or topic</gco:CharacterString>
               </cat:description>
            </cat:CT_CodelistValue>
         </cat:codeEntry>
         <cat:codeEntry>
            <cat:CT_CodelistValue id="MD_KeywordTypeCode_dataCentre">
               <cat:identifier>
                  <gco:ScopedName codeSpace="https://schemas.isotc211.org/19115/-3/mri/1.0">dataCentre</gco:ScopedName>
               </cat:identifier>
               <cat:name>
                  <gco:ScopedName codeSpace="https://schemas.isotc211.org/19115/-3/mri/1.0">dataCentre</gco:ScopedName>
               </cat:name>
               <cat:definition>
                  <gco:CharacterString>keyword identifies a repository or archive that manages and distributes data</gco:CharacterString>
               </cat:definition>
               <cat:description>
                  <gco:CharacterString>keyword identifies a repository or archive that manages and distributes data</gco:CharacterString>
               </cat:description>
            </cat:CT_CodelistValue>
         </cat:codeEntry>
         <cat:codeEntry>
            <cat:CT_CodelistValue id="MD_KeywordTypeCode_featureType">
               <cat:identifier>
                  <gco:ScopedName codeSpace="https://schemas.isotc211.org/19115/-3/mri/1.0">featureType</gco:ScopedName>
               </cat:identifier>
               <cat:name>
                  <gco:ScopedName codeSpace="https://schemas.isotc211.org/19115/-3/mri/1.0">featureType</gco:ScopedName>
               </cat:name>
               <cat:definition>
                  <gco:CharacterString>keyword identifies a resource containing or about a collection of feature instances with common characteristics</gco:CharacterString>
               </cat:definition>
               <cat:description>
                  <gco:CharacterString>keyword identifies a resource containing or about a collection of feature instances with common characteristics</gco:CharacterString>
               </cat:description>
            </cat:CT_CodelistValue>
         </cat:codeEntry>
         <cat:codeEntry>
            <cat:CT_CodelistValue id="MD_KeywordTypeCode_instrument">
               <cat:identifier>
                  <gco:ScopedName codeSpace="https://schemas.isotc211.org/19115/-3/mri/1.0">instrument</gco:ScopedName>
               </cat:identifier>
               <cat:name>
                  <gco:ScopedName codeSpace="https://schemas.isotc211.org/19115/-3/mri/1.0">instrument</gco:ScopedName>
               </cat:name>
               <cat:definition>
                  <gco:CharacterString>keyword identifies a device used to measure or compare physical properties</gco:CharacterString>
               </cat:definition>
               <cat:description>
                  <gco:CharacterString>keyword identifies a device used to measure or compare physical properties</gco:CharacterString>
               </cat:description>
            </cat:CT_CodelistValue>
         </cat:codeEntry>
         <cat:codeEntry>
            <cat:CT_CodelistValue id="MD_KeywordTypeCode_platform">
               <cat:identifier>
                  <gco:ScopedName codeSpace="https://schemas.isotc211.org/19115/-3/mri/1.0">platform</gco:ScopedName>
               </cat:identifier>
               <cat:name>
                  <gco:ScopedName codeSpace="https://schemas.isotc211.org/19115/-3/mri/1.0">platform</gco:ScopedName>
               </cat:name>
               <cat:definition>
                  <gco:CharacterString>keyword identifies a structure upon which an instrument is mounted</gco:CharacterString>
               </cat:definition>
               <cat:description>
                  <gco:CharacterString>keyword identifies a structure upon which an instrument is mounted</gco:CharacterString>
               </cat:description>
            </cat:CT_CodelistValue>
         </cat:codeEntry>
         <cat:codeEntry>
            <cat:CT_CodelistValue id="MD_KeywordTypeCode_process">
               <cat:identifier>
                  <gco:ScopedName codeSpace="https://schemas.isotc211.org/19115/-3/mri/1.0">process</gco:ScopedName>
               </cat:identifier>
               <cat:name>
                  <gco:ScopedName codeSpace="https://schemas.isotc211.org/19115/-3/mri/1.0">process</gco:ScopedName>
               </cat:name>
               <cat:definition>
                  <gco:CharacterString>keyword identifies a series of actions or natural occurrences </gco:CharacterString>
               </cat:definition>
               <cat:description>
                  <gco:CharacterString>keyword identifies a series of actions or natural occurrences </gco:CharacterString>
               </cat:description>
            </cat:CT_CodelistValue>
         </cat:codeEntry>
         <cat:codeEntry>
            <cat:CT_CodelistValue id="MD_KeywordTypeCode_project">
               <cat:identifier>
                  <gco:ScopedName codeSpace="https://schemas.isotc211.org/19115/-3/mri/1.0">project</gco:ScopedName>
               </cat:identifier>
               <cat:name>
                  <gco:ScopedName codeSpace="https://schemas.isotc211.org/19115/-3/mri/1.0">project</gco:ScopedName>
               </cat:name>
               <cat:definition>
                  <gco:CharacterString>keyword identifies an endeavour undertaken to create or modify a product or service</gco:CharacterString>
               </cat:definition>
               <cat:description>
                  <gco:CharacterString>keyword identifies an endeavour undertaken to create or modify a product or service</gco:CharacterString>
               </cat:description>
            </cat:CT_CodelistValue>
         </cat:codeEntry>
         <cat:codeEntry>
            <cat:CT_CodelistValue id="MD_KeywordTypeCode_service">
               <cat:identifier>
                  <gco:ScopedName codeSpace="https://schemas.isotc211.org/19115/-3/mri/1.0">service</gco:ScopedName>
               </cat:identifier>
               <cat:name>
                  <gco:ScopedName codeSpace="https://schemas.isotc211.org/19115/-3/mri/1.0">service</gco:ScopedName>
               </cat:name>
               <cat:definition>
                  <gco:CharacterString>keyword identifies an activity carried out by one party for the benefit of another</gco:CharacterString>
               </cat:definition>
               <cat:description>
                  <gco:CharacterString>keyword identifies an activity carried out by one party for the benefit of another</gco:CharacterString>
               </cat:description>
            </cat:CT_CodelistValue>
         </cat:codeEntry>
         <cat:codeEntry>
            <cat:CT_CodelistValue id="MD_KeywordTypeCode_product">
               <cat:identifier>
                  <gco:ScopedName codeSpace="https://schemas.isotc211.org/19115/-3/mri/1.0">product</gco:ScopedName>
               </cat:identifier>
               <cat:name>
                  <gco:ScopedName codeSpace="https://schemas.isotc211.org/19115/-3/mri/1.0">product</gco:ScopedName>
               </cat:name>
               <cat:definition>
                  <gco:CharacterString>keyword identifies a type of product</gco:CharacterString>
               </cat:definition>
               <cat:description>
                  <gco:CharacterString>keyword identifies a type of product</gco:CharacterString>
               </cat:description>
            </cat:CT_CodelistValue>
         </cat:codeEntry>
         <cat:codeEntry>
            <cat:CT_CodelistValue id="MD_KeywordTypeCode_subTopicCategory">
               <cat:identifier>
                  <gco:ScopedName codeSpace="https://schemas.isotc211.org/19115/-3/mri/1.0">subTopicCategory</gco:ScopedName>
               </cat:identifier>
               <cat:name>
                  <gco:ScopedName codeSpace="https://schemas.isotc211.org/19115/-3/mri/1.0">subTopicCategory</gco:ScopedName>
               </cat:name>
               <cat:definition>
                  <gco:CharacterString>refinement of a topic category for the purpose of geographic data classification</gco:CharacterString>
               </cat:definition>
               <cat:description>
                  <gco:CharacterString>refinement of a topic category for the purpose of geographic data classification</gco:CharacterString>
               </cat:description>
            </cat:CT_CodelistValue>
         </cat:codeEntry>
         <cat:codeEntry>
            <cat:CT_CodelistValue id="MD_KeywordTypeCode_taxon">
               <cat:identifier>
                  <gco:ScopedName codeSpace="https://schemas.isotc211.org/19115/-3/mri/1.0">taxon</gco:ScopedName>
               </cat:identifier>
               <cat:name>
                  <gco:ScopedName codeSpace="https://schemas.isotc211.org/19115/-3/mri/1.0">taxon</gco:ScopedName>
               </cat:name>
               <cat:definition>
                  <gco:CharacterString>keyword identifies a taxonomy of the resource</gco:CharacterString>
               </cat:definition>
               <cat:description>
                  <gco:CharacterString>keyword identifies a taxonomy of the resource</gco:CharacterString>
               </cat:description>
            </cat:CT_CodelistValue>
         </cat:codeEntry>
      </cat:CT_Codelist>
   </cat:codelistItem>
   <cat:codelistItem>
      <cat:CT_Codelist id="MD_TopicCategoryCode">
         <cat:identifier>
            <gco:ScopedName codeSpace="https://schemas.isotc211.org/19115/-3/mri/1.0">MD_TopicCategoryCode</gco:ScopedName>
         </cat:identifier>
         <cat:name>
            <gco:ScopedName codeSpace="https://schemas.isotc211.org/19115/-3/mri/1.0">MD_TopicCategoryCode</gco:ScopedName>
         </cat:name>
         <cat:definition>
            <gco:CharacterString>high-level geographic data thematic classification to assist in the grouping and search of available geographic data sets. Can be used to group keywords as well. Listed examples are not exhaustive.  NOTE: It is understood there are overlaps between general categories and the user is encouraged to select the one most appropriate.</gco:CharacterString>
         </cat:definition>
         <cat:description>
            <gco:CharacterString>high-level geographic data thematic classification to assist in the grouping and search of available geographic data sets. Can be used to group keywords as well. Listed examples are not exhaustive.  NOTE: It is understood there are overlaps between general categories and the user is encouraged to select the one most appropriate.</gco:CharacterString>
         </cat:description>
         <cat:codeEntry>
            <cat:CT_CodelistValue id="MD_TopicCategoryCode_farming">
               <cat:identifier>
                  <gco:ScopedName codeSpace="https://schemas.isotc211.org/19115/-3/mri/1.0">farming</gco:ScopedName>
               </cat:identifier>
               <cat:name>
                  <gco:ScopedName codeSpace="https://schemas.isotc211.org/19115/-3/mri/1.0">farming</gco:ScopedName>
               </cat:name>
               <cat:definition>
                  <gco:CharacterString>rearing of animals and/or cultivation of plants. Examples: agriculture, irrigation, aquaculture, plantations, herding, pests and diseases affecting crops and livestock</gco:CharacterString>
               </cat:definition>
               <cat:description>
                  <gco:CharacterString>rearing of animals and/or cultivation of plants. Examples: agriculture, irrigation, aquaculture, plantations, herding, pests and diseases affecting crops and livestock</gco:CharacterString>
               </cat:description>
            </cat:CT_CodelistValue>
         </cat:codeEntry>
         <cat:codeEntry>
            <cat:CT_CodelistValue id="MD_TopicCategoryCode_biota">
               <cat:identifier>
                  <gco:ScopedName codeSpace="https://schemas.isotc211.org/19115/-3/mri/1.0">biota</gco:ScopedName>
               </cat:identifier>
               <cat:name>
                  <gco:ScopedName codeSpace="https://schemas.isotc211.org/19115/-3/mri/1.0">biota</gco:ScopedName>
               </cat:name>
               <cat:definition>
                  <gco:CharacterString>flora and/or fauna in natural environment. Examples: wildlife, vegetation, biological sciences, ecology, wilderness, sealife, wetlands, habitat</gco:CharacterString>
               </cat:definition>
               <cat:description>
                  <gco:CharacterString>flora and/or fauna in natural environment. Examples: wildlife, vegetation, biological sciences, ecology, wilderness, sealife, wetlands, habitat</gco:CharacterString>
               </cat:description>
            </cat:CT_CodelistValue>
         </cat:codeEntry>
         <cat:codeEntry>
            <cat:CT_CodelistValue id="MD_TopicCategoryCode_boundaries">
               <cat:identifier>
                  <gco:ScopedName codeSpace="https://schemas.isotc211.org/19115/-3/mri/1.0">boundaries</gco:ScopedName>
               </cat:identifier>
               <cat:name>
                  <gco:ScopedName codeSpace="https://schemas.isotc211.org/19115/-3/mri/1.0">boundaries</gco:ScopedName>
               </cat:name>
               <cat:definition>
                  <gco:CharacterString>legal land descriptions, maritime boundaries. Examples: political and administrative boundaries, territorial seas, EEZ, port security zones</gco:CharacterString>
               </cat:definition>
               <cat:description>
                  <gco:CharacterString>legal land descriptions, maritime boundaries. Examples: political and administrative boundaries, territorial seas, EEZ, port security zones</gco:CharacterString>
               </cat:description>
            </cat:CT_CodelistValue>
         </cat:codeEntry>
         <cat:codeEntry>
            <cat:CT_CodelistValue id="MD_TopicCategoryCode_climatologyMeteorologyAtmosphere">
               <cat:identifier>
                  <gco:ScopedName codeSpace="https://schemas.isotc211.org/19115/-3/mri/1.0">climatologyMeteorologyAtmosphere</gco:ScopedName>
               </cat:identifier>
               <cat:name>
                  <gco:ScopedName codeSpace="https://schemas.isotc211.org/19115/-3/mri/1.0">climatologyMeteorologyAtmosphere</gco:ScopedName>
               </cat:name>
               <cat:definition>
                  <gco:CharacterString>processes and phenomena of the atmosphere. Examples: cloud cover, weather, climate, atmospheric conditions, climate change, precipitation</gco:CharacterString>
               </cat:definition>
               <cat:description>
                  <gco:CharacterString>processes and phenomena of the atmosphere. Examples: cloud cover, weather, climate, atmospheric conditions, climate change, precipitation</gco:CharacterString>
               </cat:description>
            </cat:CT_CodelistValue>
         </cat:codeEntry>
         <cat:codeEntry>
            <cat:CT_CodelistValue id="MD_TopicCategoryCode_economy">
               <cat:identifier>
                  <gco:ScopedName codeSpace="https://schemas.isotc211.org/19115/-3/mri/1.0">economy</gco:ScopedName>
               </cat:identifier>
               <cat:name>
                  <gco:ScopedName codeSpace="https://schemas.isotc211.org/19115/-3/mri/1.0">economy</gco:ScopedName>
               </cat:name>
               <cat:definition>
                  <gco:CharacterString>economic activities, conditions and employment. Examples: production, labour, revenue, commerce, industry, tourism and ecotourism, forestry, fisheries, commercial or subsistence hunting, exploration and exploitation of resources such as minerals, oil and gas </gco:CharacterString>
               </cat:definition>
               <cat:description>
                  <gco:CharacterString>economic activities, conditions and employment. Examples: production, labour, revenue, commerce, industry, tourism and ecotourism, forestry, fisheries, commercial or subsistence hunting, exploration and exploitation of resources such as minerals, oil and gas </gco:CharacterString>
               </cat:description>
            </cat:CT_CodelistValue>
         </cat:codeEntry>
         <cat:codeEntry>
            <cat:CT_CodelistValue id="MD_TopicCategoryCode_elevation">
               <cat:identifier>
                  <gco:ScopedName codeSpace="https://schemas.isotc211.org/19115/-3/mri/1.0">elevation</gco:ScopedName>
               </cat:identifier>
               <cat:name>
                  <gco:ScopedName codeSpace="https://schemas.isotc211.org/19115/-3/mri/1.0">elevation</gco:ScopedName>
               </cat:name>
               <cat:definition>
                  <gco:CharacterString>height above or below  a vertical datum. Examples: altitude, bathymetry, digital elevation models, slope, derived products</gco:CharacterString>
               </cat:definition>
               <cat:description>
                  <gco:CharacterString>height above or below  a vertical datum. Examples: altitude, bathymetry, digital elevation models, slope, derived products</gco:CharacterString>
               </cat:description>
            </cat:CT_CodelistValue>
         </cat:codeEntry>
         <cat:codeEntry>
            <cat:CT_CodelistValue id="MD_TopicCategoryCode_environment">
               <cat:identifier>
                  <gco:ScopedName codeSpace="https://schemas.isotc211.org/19115/-3/mri/1.0">environment</gco:ScopedName>
               </cat:identifier>
               <cat:name>
                  <gco:ScopedName codeSpace="https://schemas.isotc211.org/19115/-3/mri/1.0">environment</gco:ScopedName>
               </cat:name>
               <cat:definition>
                  <gco:CharacterString>environmental resources, protection and conservation. Examples: environmental pollution, waste storage and treatment, environmental impact assessment, monitoring environmental risk, nature reserves, landscape</gco:CharacterString>
               </cat:definition>
               <cat:description>
                  <gco:CharacterString>environmental resources, protection and conservation. Examples: environmental pollution, waste storage and treatment, environmental impact assessment, monitoring environmental risk, nature reserves, landscape</gco:CharacterString>
               </cat:description>
            </cat:CT_CodelistValue>
         </cat:codeEntry>
         <cat:codeEntry>
            <cat:CT_CodelistValue id="MD_TopicCategoryCode_geoscientificInformation">
               <cat:identifier>
                  <gco:ScopedName codeSpace="https://schemas.isotc211.org/19115/-3/mri/1.0">geoscientificInformation</gco:ScopedName>
               </cat:identifier>
               <cat:name>
                  <gco:ScopedName codeSpace="https://schemas.isotc211.org/19115/-3/mri/1.0">geoscientificInformation</gco:ScopedName>
               </cat:name>
               <cat:definition>
                  <gco:CharacterString>information pertaining to earth sciences. Examples: geophysical features and processes, geology, minerals, sciences dealing with the composition, structure and origin of the earth's rocks, risks of earthquakes, volcanic activity, landslides, gravity information, soils, permafrost, hydrogeology, erosion</gco:CharacterString>
               </cat:definition>
               <cat:description>
                  <gco:CharacterString>information pertaining to earth sciences. Examples: geophysical features and processes, geology, minerals, sciences dealing with the composition, structure and origin of the earth's rocks, risks of earthquakes, volcanic activity, landslides, gravity information, soils, permafrost, hydrogeology, erosion</gco:CharacterString>
               </cat:description>
            </cat:CT_CodelistValue>
         </cat:codeEntry>
         <cat:codeEntry>
            <cat:CT_CodelistValue id="MD_TopicCategoryCode_health">
               <cat:identifier>
                  <gco:ScopedName codeSpace="https://schemas.isotc211.org/19115/-3/mri/1.0">health</gco:ScopedName>
               </cat:identifier>
               <cat:name>
                  <gco:ScopedName codeSpace="https://schemas.isotc211.org/19115/-3/mri/1.0">health</gco:ScopedName>
               </cat:name>
               <cat:definition>
                  <gco:CharacterString>health, health services, human ecology, and safety. Examples: disease and illness, factors affecting health, hygiene, substance abuse, mental and physical health, health services</gco:CharacterString>
               </cat:definition>
               <cat:description>
                  <gco:CharacterString>health, health services, human ecology, and safety. Examples: disease and illness, factors affecting health, hygiene, substance abuse, mental and physical health, health services</gco:CharacterString>
               </cat:description>
            </cat:CT_CodelistValue>
         </cat:codeEntry>
         <cat:codeEntry>
            <cat:CT_CodelistValue id="MD_TopicCategoryCode_imageryBaseMapsEarthCover">
               <cat:identifier>
                  <gco:ScopedName codeSpace="https://schemas.isotc211.org/19115/-3/mri/1.0">imageryBaseMapsEarthCover</gco:ScopedName>
               </cat:identifier>
               <cat:name>
                  <gco:ScopedName codeSpace="https://schemas.isotc211.org/19115/-3/mri/1.0">imageryBaseMapsEarthCover</gco:ScopedName>
               </cat:name>
               <cat:definition>
                  <gco:CharacterString>base maps. Examples: land cover, topographic maps, imagery, unclassified images, annotations</gco:CharacterString>
               </cat:definition>
               <cat:description>
                  <gco:CharacterString>base maps. Examples: land cover, topographic maps, imagery, unclassified images, annotations</gco:CharacterString>
               </cat:description>
            </cat:CT_CodelistValue>
         </cat:codeEntry>
         <cat:codeEntry>
            <cat:CT_CodelistValue id="MD_TopicCategoryCode_intelligenceMilitary">
               <cat:identifier>
                  <gco:ScopedName codeSpace="https://schemas.isotc211.org/19115/-3/mri/1.0">intelligenceMilitary</gco:ScopedName>
               </cat:identifier>
               <cat:name>
                  <gco:ScopedName codeSpace="https://schemas.isotc211.org/19115/-3/mri/1.0">intelligenceMilitary</gco:ScopedName>
               </cat:name>
               <cat:definition>
                  <gco:CharacterString>military bases, structures, activities. Examples: barracks, training grounds, military transportation, information collection</gco:CharacterString>
               </cat:definition>
               <cat:description>
                  <gco:CharacterString>military bases, structures, activities. Examples: barracks, training grounds, military transportation, information collection</gco:CharacterString>
               </cat:description>
            </cat:CT_CodelistValue>
         </cat:codeEntry>
         <cat:codeEntry>
            <cat:CT_CodelistValue id="MD_TopicCategoryCode_inlandWaters">
               <cat:identifier>
                  <gco:ScopedName codeSpace="https://schemas.isotc211.org/19115/-3/mri/1.0">inlandWaters</gco:ScopedName>
               </cat:identifier>
               <cat:name>
                  <gco:ScopedName codeSpace="https://schemas.isotc211.org/19115/-3/mri/1.0">inlandWaters</gco:ScopedName>
               </cat:name>
               <cat:definition>
                  <gco:CharacterString>inland water features, drainage systems and their characteristics. Examples: rivers and glaciers, salt lakes, water utilization plans, dams, currents, floods, water quality, hydrologic information</gco:CharacterString>
               </cat:definition>
               <cat:description>
                  <gco:CharacterString>inland water features, drainage systems and their characteristics. Examples: rivers and glaciers, salt lakes, water utilization plans, dams, currents, floods, water quality, hydrologic information</gco:CharacterString>
               </cat:description>
            </cat:CT_CodelistValue>
         </cat:codeEntry>
         <cat:codeEntry>
            <cat:CT_CodelistValue id="MD_TopicCategoryCode_location">
               <cat:identifier>
                  <gco:ScopedName codeSpace="https://schemas.isotc211.org/19115/-3/mri/1.0">location</gco:ScopedName>
               </cat:identifier>
               <cat:name>
                  <gco:ScopedName codeSpace="https://schemas.isotc211.org/19115/-3/mri/1.0">location</gco:ScopedName>
               </cat:name>
               <cat:definition>
                  <gco:CharacterString>positional information and services. Examples: addresses, geodetic networks, control points, postal zones and services, place names</gco:CharacterString>
               </cat:definition>
               <cat:description>
                  <gco:CharacterString>positional information and services. Examples: addresses, geodetic networks, control points, postal zones and services, place names</gco:CharacterString>
               </cat:description>
            </cat:CT_CodelistValue>
         </cat:codeEntry>
         <cat:codeEntry>
            <cat:CT_CodelistValue id="MD_TopicCategoryCode_oceans">
               <cat:identifier>
                  <gco:ScopedName codeSpace="https://schemas.isotc211.org/19115/-3/mri/1.0">oceans</gco:ScopedName>
               </cat:identifier>
               <cat:name>
                  <gco:ScopedName codeSpace="https://schemas.isotc211.org/19115/-3/mri/1.0">oceans</gco:ScopedName>
               </cat:name>
               <cat:definition>
                  <gco:CharacterString>features and characteristics of salt water bodies (excluding inland waters) Examples: tides, tsunamis, coastal information, reefs</gco:CharacterString>
               </cat:definition>
               <cat:description>
                  <gco:CharacterString>features and characteristics of salt water bodies (excluding inland waters) Examples: tides, tsunamis, coastal information, reefs</gco:CharacterString>
               </cat:description>
            </cat:CT_CodelistValue>
         </cat:codeEntry>
         <cat:codeEntry>
            <cat:CT_CodelistValue id="MD_TopicCategoryCode_planningCadastre">
               <cat:identifier>
                  <gco:ScopedName codeSpace="https://schemas.isotc211.org/19115/-3/mri/1.0">planningCadastre</gco:ScopedName>
               </cat:identifier>
               <cat:name>
                  <gco:ScopedName codeSpace="https://schemas.isotc211.org/19115/-3/mri/1.0">planningCadastre</gco:ScopedName>
               </cat:name>
               <cat:definition>
                  <gco:CharacterString>information used for appropriate actions for future use of the land. Examples: land use maps, zoning maps, cadastral surveys, land ownership</gco:CharacterString>
               </cat:definition>
               <cat:description>
                  <gco:CharacterString>information used for appropriate actions for future use of the land. Examples: land use maps, zoning maps, cadastral surveys, land ownership</gco:CharacterString>
               </cat:description>
            </cat:CT_CodelistValue>
         </cat:codeEntry>
         <cat:codeEntry>
            <cat:CT_CodelistValue id="MD_TopicCategoryCode_society">
               <cat:identifier>
                  <gco:ScopedName codeSpace="https://schemas.isotc211.org/19115/-3/mri/1.0">society</gco:ScopedName>
               </cat:identifier>
               <cat:name>
                  <gco:ScopedName codeSpace="https://schemas.isotc211.org/19115/-3/mri/1.0">society</gco:ScopedName>
               </cat:name>
               <cat:definition>
                  <gco:CharacterString>characteristics of society and cultures. Examples: settlements, anthropology, archaeology, education, traditional beliefs, manners and customs, demographic data, recreational areas and activities, social impact assessments, crime and justice, census information</gco:CharacterString>
               </cat:definition>
               <cat:description>
                  <gco:CharacterString>characteristics of society and cultures. Examples: settlements, anthropology, archaeology, education, traditional beliefs, manners and customs, demographic data, recreational areas and activities, social impact assessments, crime and justice, census information</gco:CharacterString>
               </cat:description>
            </cat:CT_CodelistValue>
         </cat:codeEntry>
         <cat:codeEntry>
            <cat:CT_CodelistValue id="MD_TopicCategoryCode_structure">
               <cat:identifier>
                  <gco:ScopedName codeSpace="https://schemas.isotc211.org/19115/-3/mri/1.0">structure</gco:ScopedName>
               </cat:identifier>
               <cat:name>
                  <gco:ScopedName codeSpace="https://schemas.isotc211.org/19115/-3/mri/1.0">structure</gco:ScopedName>
               </cat:name>
               <cat:definition>
                  <gco:CharacterString>man-made construction. Examples: buildings, museums, churches, factories, housing, monuments, shops, towers</gco:CharacterString>
               </cat:definition>
               <cat:description>
                  <gco:CharacterString>man-made construction. Examples: buildings, museums, churches, factories, housing, monuments, shops, towers</gco:CharacterString>
               </cat:description>
            </cat:CT_CodelistValue>
         </cat:codeEntry>
         <cat:codeEntry>
            <cat:CT_CodelistValue id="MD_TopicCategoryCode_transportation">
               <cat:identifier>
                  <gco:ScopedName codeSpace="https://schemas.isotc211.org/19115/-3/mri/1.0">transportation</gco:ScopedName>
               </cat:identifier>
               <cat:name>
                  <gco:ScopedName codeSpace="https://schemas.isotc211.org/19115/-3/mri/1.0">transportation</gco:ScopedName>
               </cat:name>
               <cat:definition>
                  <gco:CharacterString>means and aids for conveying persons and/or goods. Examples: roads, airports/airstrips, shipping routes, tunnels, nautical charts, vehicle or vessel location, aeronautical charts, railways</gco:CharacterString>
               </cat:definition>
               <cat:description>
                  <gco:CharacterString>means and aids for conveying persons and/or goods. Examples: roads, airports/airstrips, shipping routes, tunnels, nautical charts, vehicle or vessel location, aeronautical charts, railways</gco:CharacterString>
               </cat:description>
            </cat:CT_CodelistValue>
         </cat:codeEntry>
         <cat:codeEntry>
            <cat:CT_CodelistValue id="MD_TopicCategoryCode_utilitiesCommunication">
               <cat:identifier>
                  <gco:ScopedName codeSpace="https://schemas.isotc211.org/19115/-3/mri/1.0">utilitiesCommunication</gco:ScopedName>
               </cat:identifier>
               <cat:name>
                  <gco:ScopedName codeSpace="https://schemas.isotc211.org/19115/-3/mri/1.0">utilitiesCommunication</gco:ScopedName>
               </cat:name>
               <cat:definition>
                  <gco:CharacterString>energy, water and waste systems and communications infrastructure and services. Examples: hydroelectricity, geothermal, solar and nuclear sources of energy, water purification and distribution, sewage collection and disposal, electricity and gas distribution, data communication, telecommunication, radio, communication networks</gco:CharacterString>
               </cat:definition>
               <cat:description>
                  <gco:CharacterString>energy, water and waste systems and communications infrastructure and services. Examples: hydroelectricity, geothermal, solar and nuclear sources of energy, water purification and distribution, sewage collection and disposal, electricity and gas distribution, data communication, telecommunication, radio, communication networks</gco:CharacterString>
               </cat:description>
            </cat:CT_CodelistValue>
         </cat:codeEntry>
         <cat:codeEntry>
            <cat:CT_CodelistValue id="MD_TopicCategoryCode_extraTerrestrial">
               <cat:identifier>
                  <gco:ScopedName codeSpace="https://schemas.isotc211.org/19115/-3/mri/1.0">extraTerrestrial</gco:ScopedName>
               </cat:identifier>
               <cat:name>
                  <gco:ScopedName codeSpace="https://schemas.isotc211.org/19115/-3/mri/1.0">extraTerrestrial</gco:ScopedName>
               </cat:name>
               <cat:definition>
                  <gco:CharacterString>region more than 100 km above the surface of the Earth</gco:CharacterString>
               </cat:definition>
               <cat:description>
                  <gco:CharacterString>region more than 100 km above the surface of the Earth</gco:CharacterString>
               </cat:description>
            </cat:CT_CodelistValue>
         </cat:codeEntry>
         <cat:codeEntry>
            <cat:CT_CodelistValue id="MD_TopicCategoryCode_disaster">
               <cat:identifier>
                  <gco:ScopedName codeSpace="https://schemas.isotc211.org/19115/-3/mri/1.0">disaster</gco:ScopedName>
               </cat:identifier>
               <cat:name>
                  <gco:ScopedName codeSpace="https://schemas.isotc211.org/19115/-3/mri/1.0">disaster</gco:ScopedName>
               </cat:name>
               <cat:definition>
                  <gco:CharacterString>Information related to disasters. Examples: site of the disaster, evacuation zone, disaster-prevention facility, disaster relief activities</gco:CharacterString>
               </cat:definition>
               <cat:description>
                  <gco:CharacterString>Information related to disasters. Examples: site of the disaster, evacuation zone, disaster-prevention facility, disaster relief activities</gco:CharacterString>
               </cat:description>
            </cat:CT_CodelistValue>
         </cat:codeEntry>
      </cat:CT_Codelist>
   </cat:codelistItem>
</cat:CT_CodelistCatalogue>
