<?xml version="1.0" encoding="UTF-8"?><?xml-stylesheet type='text/xsl' href='./CodelistDictionary-v32.xsl'?><Dictionary xmlns="http://www.opengis.net/gml/3.2" xmlns:gml="http://www.opengis.net/gml/3.2" xmlns:xsi="http://www.w3.org/2001/XMLSchema-instance" gml:id="DQ_EvaluationMethodTypeCode" xsi:schemaLocation="http://www.opengis.net/gml/3.2 null">
  <description>type of method for evaluating an identified data quality measure</description>
  <identifier codeSpace="http://www.isotc211.org/namespace/mdq/1.0/2014-07-11">DQ_EvaluationMethodTypeCode</identifier>
  <dictionaryEntry>
    <Definition gml:id="_11861_17788">
      <description>method of evaluating the quality of a dataset based on inspection of items within the dataset, where all data required is internal to the dataset being evaluated</description>
      <identifier codeSpace="http://www.isotc211.org/namespace/mdq/1.0/2014-07-11/DQ_EvaluationMethodTypeCode">directInternal</identifier>
    </Definition>
  </dictionaryEntry>
  <dictionaryEntry>
    <Definition gml:id="_11861_17789">
      <description>method of evaluating the quality of a dataset based on inspection of items within the dataset, where reference data external to the dataset being evaluated is required</description>
      <identifier codeSpace="http://www.isotc211.org/namespace/mdq/1.0/2014-07-11/DQ_EvaluationMethodTypeCode">directExternal</identifier>
    </Definition>
  </dictionaryEntry>
  <dictionaryEntry>
    <Definition gml:id="_11861_17790">
      <description>method of evaluating the quality of a dataset based on external knowledge</description>
      <identifier codeSpace="http://www.isotc211.org/namespace/mdq/1.0/2014-07-11/DQ_EvaluationMethodTypeCode">indirect</identifier>
    </Definition>
  </dictionaryEntry>
</Dictionary>
