<?xml version="1.0" encoding="UTF-8"?>
<cat:CT_CodelistCatalogue xmlns:xsi="http://www.w3.org/2001/XMLSchema-instance"
    xsi:schemaLocation="https://schemas.isotc211.org/19139/-/cat/1.2 ../19139/-/cat/1.2.0/cat.xsd
    https://schemas.isotc211.org/19103/-/gco/1.2 ../19103/-/gco/1.2.0/gco.xsd
    http://www.opengis.net/gml/3.2 http://schemas.opengis.net/gml/3.2.1/gml.xsd"
    xmlns:cat="https://schemas.isotc211.org/19139/-/cat/1.2"
    xmlns:gco="https://schemas.isotc211.org/19103/-/gco/1.2"
    xmlns:xlink="http://www.w3.org/1999/xlink"
    xmlns:lan="https://schemas.isotc211.org/19115/-1/lan/1.3"
    xmlns:gml="http://www.opengis.net/gml/3.2">
    <!--=====Catalogue description=====-->
    <cat:name><gco:CharacterString>Codelists from the ISO / TC211 Standards</gco:CharacterString></cat:name>
    <cat:scope><gco:CharacterString>Codelists related to ISO / TC211 Standards</gco:CharacterString></cat:scope>
    <cat:fieldOfApplication><gco:CharacterString>ISO TC211 Standards</gco:CharacterString></cat:fieldOfApplication>
    <cat:versionNumber><gco:CharacterString>1.1</gco:CharacterString></cat:versionNumber>
    <cat:versionDate><gco:Date>2021-03-05</gco:Date></cat:versionDate>
    <cat:locale>
        <lan:PT_Locale>
            <lan:language>
                <lan:LanguageCode
                    codeList="https://standards.iso.org/19115/-1/1/clause#B.3.11"
                    codeListValue="eng">eng</lan:LanguageCode>
            </lan:language>
            <lan:characterEncoding>
                <lan:MD_CharacterSetCode
                    codeList="https://standards.iso.org/19115/-1/1/clause#B.3.14"
                    codeListValue="UTF-8">UTF-8</lan:MD_CharacterSetCode>
            </lan:characterEncoding>
        </lan:PT_Locale>
    </cat:locale>
    <!--===== Sub-Catalogue description ISO 19123 group of ISO / TC211 metadata Standards=====-->
    <cat:subCatalogue>
        <cat:CT_CodelistCatalogue>
            <!--=====Catalogue description=====-->
            <cat:name><gco:CharacterString>Codelists from the ISO 19123 group of ISO / TC211 Standards</gco:CharacterString></cat:name>
            <cat:scope><gco:CharacterString>Codelists related to ISO 19123 group of ISO / TC211 Metadata Standards</gco:CharacterString></cat:scope>
            <cat:fieldOfApplication><gco:CharacterString>ISO TC211 Metadata Standards</gco:CharacterString></cat:fieldOfApplication>
            <cat:versionNumber><gco:CharacterString>1.1</gco:CharacterString></cat:versionNumber>
            <cat:versionDate><gco:Date>2021-03-05</gco:Date></cat:versionDate>
            <cat:locale><lan:PT_Locale>
                <lan:language><lan:LanguageCode
                    codeList="https://standards.iso.org/19115/-1/1/clause#B.3.11"
                    codeListValue="eng">eng</lan:LanguageCode></lan:language>
                <lan:characterEncoding><lan:MD_CharacterSetCode
                    codeList="https://standards.iso.org/19115/-1/1/clause#B.3.14"
                    codeListValue="UTF-8">UTF-8</lan:MD_CharacterSetCode></lan:characterEncoding>
            </lan:PT_Locale></cat:locale>
            <!--   ============================================================================== -->
             <!-- _________________________________________________________________________ -->
            <cat:subCatalogue xlink:title="Codelists from the Schema for coverage geometry and functions — Fundamentals (gmlcov) Namespace">
                <cat:CT_CodelistCatalogue id="ISO19123-1.gmlcov">
                    <cat:name><gco:CharacterString>Codelists from the Schema for coverage geometry and functions — Fundamentals (gmlcov) Namespace</gco:CharacterString></cat:name>
                    <cat:scope><gco:CharacterString>Codelists related to Schema for coverage geometry and functions — Fundamentals (gmlcov) Namespace</gco:CharacterString></cat:scope>
                    <cat:fieldOfApplication><gco:CharacterString>ISO TC211 Metadata Standards</gco:CharacterString></cat:fieldOfApplication>
                    <cat:versionNumber><gco:CharacterString>1.1</gco:CharacterString></cat:versionNumber>
                    <cat:versionDate><gco:Date>2021-03-05</gco:Date></cat:versionDate>
                    <cat:locale><lan:PT_Locale>
                        <lan:language><lan:LanguageCode
                            codeList="https://standards.iso.org/19115/-1/1/clause#LanguageCode"
                            codeListValue="eng">eng</lan:LanguageCode></lan:language>
                        <lan:characterEncoding><lan:MD_CharacterSetCode
                            codeList="https://standards.iso.org/19115/-1/1/clause#MD_CharacterSetCode"
                            codeListValue="UTF-8">UTF-8</lan:MD_CharacterSetCode></lan:characterEncoding>
                    </lan:PT_Locale></cat:locale>
                    <!--   ............................................................................. -->
                    <cat:codelistItem xlink:title="Code list items for CV_CommonPointRule from the  Schema for coverage geometry and functions — Fundamentals (gmlcov)  Namespace">
                        <cat:CT_Codelist id="ISO19123-1.gmlcov.CV_CommonPointRule">
                            <cat:identifier><gco:ScopedName codeSpace="https://standards.iso.org/19123/-1/1/clause#5.6">CV_CommonPointRule</gco:ScopedName></cat:identifier>
                            <cat:name><gco:ScopedName codeSpace="https://standards.iso.org/19123/-1/1/clause#5.6">CV_CommonPointRule</gco:ScopedName></cat:name>
                            <cat:definition><gco:CharacterString>methods for handling cases where the DirectPosition input to the evaluate operation falls within two or more of the geometric objects</gco:CharacterString></cat:definition>
                            <cat:description><gco:CharacterString>methods for handling cases where the DirectPosition input to the evaluate operation falls within two or more of the geometric objects</gco:CharacterString></cat:description>
                            <cat:codeEntry  uuidref="https://schemas.isotc211.org/Resources/codelists.xml#ISO19123-1.gmlcov.CV_CommonPointRule_average">
                                <cat:CT_CodelistValue id="ISO19123-1.gmlcov.CV_CommonPointRule_average">
                                    <cat:identifier><gco:ScopedName codeSpace="https://standards.iso.org/19123/-1/1/clause#5.6">average</gco:ScopedName></cat:identifier>
                                    <cat:name><gco:ScopedName codeSpace="https://standards.iso.org/19130/-1/1/clause#5.6">average</gco:ScopedName></cat:name>
                                    <cat:definition><gco:CharacterString>return the mean of the feature attribute values</gco:CharacterString></cat:definition>
                                    <cat:description><gco:CharacterString>return the mean of the feature attribute values</gco:CharacterString></cat:description>
                                </cat:CT_CodelistValue>
                            </cat:codeEntry>
                            <cat:codeEntry  uuidref="https://schemas.isotc211.org/Resources/codelists.xml#ISO19123-1.gmlcov.CV_CommonPointRule_low">
                                <cat:CT_CodelistValue id="ISO19123-1.gmlcov.CV_CommonPointRule_low">
                                    <cat:identifier><gco:ScopedName codeSpace="https://standards.iso.org/19123/-1/1/clause#5.6">low</gco:ScopedName></cat:identifier>
                                    <cat:name><gco:ScopedName codeSpace="https://standards.iso.org/19130/-1/1/clause#5.6">low</gco:ScopedName></cat:name>
                                    <cat:definition><gco:CharacterString>use the least of the feature attribute values</gco:CharacterString></cat:definition>
                                    <cat:description><gco:CharacterString>use the least of the feature attribute values</gco:CharacterString></cat:description>
                                </cat:CT_CodelistValue>
                            </cat:codeEntry>
                            <cat:codeEntry  uuidref="https://schemas.isotc211.org/Resources/codelists.xml#ISO19123-1.gmlcov.CV_CommonPointRule_high">
                                <cat:CT_CodelistValue id="ISO19123-1.gmlcov.CV_CommonPointRule_high">
                                    <cat:identifier><gco:ScopedName codeSpace="https://standards.iso.org/19123/-1/1/clause#5.6">high</gco:ScopedName></cat:identifier>
                                    <cat:name><gco:ScopedName codeSpace="https://standards.iso.org/19130/-1/1/clause#5.6">high</gco:ScopedName></cat:name>
                                    <cat:definition><gco:CharacterString>use the greatest of the feature attribute values</gco:CharacterString></cat:definition>
                                    <cat:description><gco:CharacterString>use the greatest of the feature attribute values</gco:CharacterString></cat:description>
                                </cat:CT_CodelistValue>
                            </cat:codeEntry>
                            <cat:codeEntry  uuidref="https://schemas.isotc211.org/Resources/codelists.xml#ISO19123-1.gmlcov.CV_CommonPointRule_all">
                                <cat:CT_CodelistValue id="ISO19123-1.gmlcov.CV_CommonPointRule_all">
                                    <cat:identifier><gco:ScopedName codeSpace="https://standards.iso.org/19123/-1/1/clause#5.6">all</gco:ScopedName></cat:identifier>
                                    <cat:name><gco:ScopedName codeSpace="https://standards.iso.org/19130/-1/1/clause#5.6">all</gco:ScopedName></cat:name>
                                    <cat:definition><gco:CharacterString>return all the feature attribute values that can be determined for the input DirectPosition</gco:CharacterString></cat:definition>
                                    <cat:description><gco:CharacterString>return all the feature attribute values that can be determined for the input DirectPosition</gco:CharacterString></cat:description>
                                </cat:CT_CodelistValue>
                            </cat:codeEntry>
                            <cat:codeEntry  uuidref="https://schemas.isotc211.org/Resources/codelists.xml#ISO19123-1.gmlcov.CV_CommonPointRule_start">
                                <cat:CT_CodelistValue id="ISO19123-1.gmlcov.CV_CommonPointRule_start">
                                    <cat:identifier><gco:ScopedName codeSpace="https://standards.iso.org/19123/-1/1/clause#5.6">start</gco:ScopedName></cat:identifier>
                                    <cat:name><gco:ScopedName codeSpace="https://standards.iso.org/19130/-1/1/clause#5.6">start</gco:ScopedName></cat:name>
                                    <cat:definition><gco:CharacterString>use the startValue of the second CV_ValueSegment</gco:CharacterString></cat:definition>
                                    <cat:description><gco:CharacterString>use the startValue of the second CV_ValueSegment</gco:CharacterString></cat:description>
                                </cat:CT_CodelistValue>
                            </cat:codeEntry>
                            <cat:codeEntry  uuidref="https://schemas.isotc211.org/Resources/codelists.xml#ISO19123-1.gmlcov.CV_CommonPointRule_end">
                                <cat:CT_CodelistValue id="ISO19123-1.gmlcov.CV_CommonPointRule_end">
                                    <cat:identifier><gco:ScopedName codeSpace="https://standards.iso.org/19123/-1/1/clause#5.6">end</gco:ScopedName></cat:identifier>
                                    <cat:name><gco:ScopedName codeSpace="https://standards.iso.org/19130/-1/1/clause#5.6">end</gco:ScopedName></cat:name>
                                    <cat:definition><gco:CharacterString>use the endValue of the second CV_ValueSegment</gco:CharacterString></cat:definition>
                                    <cat:description><gco:CharacterString>use the endValue of the second CV_ValueSegment</gco:CharacterString></cat:description>
                                </cat:CT_CodelistValue>
                            </cat:codeEntry>
                        </cat:CT_Codelist>
                    </cat:codelistItem>
                    <!--   ............................................................................. -->
                    <cat:codelistItem xlink:title="Code list items for CV_InterpolationMethod from the  Schema for coverage geometry and functions — Fundamentals (gmlcov)  Namespace">
                        <cat:CT_Codelist id="ISO19123-1.gmlcov.CV_InterpolationMethod">
                            <cat:identifier><gco:ScopedName codeSpace="https://standards.iso.org/19123/-1/1/clause#C.1">CV_InterpolationMethod</gco:ScopedName></cat:identifier>
                            <cat:name><gco:ScopedName codeSpace="https://standards.iso.org/19123/-1/1/clause#C.1">CV_InterpolationMethod</gco:ScopedName></cat:name>
                            <cat:definition><gco:CharacterString>methods for handling cases where the DirectPosition input to the evaluate operation falls within two or more of the geometric objects</gco:CharacterString></cat:definition>
                            <cat:description><gco:CharacterString>methods for handling cases where the DirectPosition input to the evaluate operation falls within two or more of the geometric objects</gco:CharacterString></cat:description>
                            <cat:codeEntry  uuidref="https://schemas.isotc211.org/Resources/codelists.xml#ISO19123-1.gmlcov.CV_InterpolationMethod_nearestNeighbor">
                                <cat:CT_CodelistValue id="ISO19123-1.gmlcov.CV_InterpolationMethod_nearestNeighbor">
                                    <cat:identifier><gco:ScopedName codeSpace="https://standards.iso.org/19123/-1/1/clause#C.1">nearestNeighbor</gco:ScopedName></cat:identifier>
                                    <cat:name><gco:ScopedName codeSpace="https://standards.iso.org/19130/-1/1/clause#C.1">nearestNeighbor</gco:ScopedName></cat:name>
                                    <cat:definition><gco:CharacterString>nearestNeighbor</gco:CharacterString></cat:definition>
                                    <cat:description><gco:CharacterString>nearestNeighbor</gco:CharacterString></cat:description>
                                </cat:CT_CodelistValue>
                            </cat:codeEntry>
                            <cat:codeEntry  uuidref="https://schemas.isotc211.org/Resources/codelists.xml#ISO19123-1.gmlcov.CV_InterpolationMethod_linear">
                                <cat:CT_CodelistValue id="ISO19123-1.gmlcov.CV_InterpolationMethod_linear">
                                    <cat:identifier><gco:ScopedName codeSpace="https://standards.iso.org/19123/-1/1/clause#C.1">linear</gco:ScopedName></cat:identifier>
                                    <cat:name><gco:ScopedName codeSpace="https://standards.iso.org/19130/-1/1/clause#C.1">linear</gco:ScopedName></cat:name>
                                    <cat:definition><gco:CharacterString>linear</gco:CharacterString></cat:definition>
                                    <cat:description><gco:CharacterString>linear</gco:CharacterString></cat:description>
                                </cat:CT_CodelistValue>
                            </cat:codeEntry>
                            <cat:codeEntry  uuidref="https://schemas.isotc211.org/Resources/codelists.xml#ISO19123-1.gmlcov.CV_InterpolationMethod_quadratic">
                                <cat:CT_CodelistValue id="ISO19123-1.gmlcov.CV_InterpolationMethod_quadratic">
                                    <cat:identifier><gco:ScopedName codeSpace="https://standards.iso.org/19123/-1/1/clause#C.1">quadratic</gco:ScopedName></cat:identifier>
                                    <cat:name><gco:ScopedName codeSpace="https://standards.iso.org/19130/-1/1/clause#C.1">quadratic</gco:ScopedName></cat:name>
                                    <cat:definition><gco:CharacterString>quadratic</gco:CharacterString></cat:definition>
                                    <cat:description><gco:CharacterString>quadratic</gco:CharacterString></cat:description>
                                </cat:CT_CodelistValue>
                            </cat:codeEntry>
                            <cat:codeEntry  uuidref="https://schemas.isotc211.org/Resources/codelists.xml#ISO19123-1.gmlcov.CV_InterpolationMethod_cubic">
                                <cat:CT_CodelistValue id="ISO19123-1.gmlcov.CV_InterpolationMethod_cubic">
                                    <cat:identifier><gco:ScopedName codeSpace="https://standards.iso.org/19123/-1/1/clause#C.1">cubic</gco:ScopedName></cat:identifier>
                                    <cat:name><gco:ScopedName codeSpace="https://standards.iso.org/19130/-1/1/clause#C.1">cubic</gco:ScopedName></cat:name>
                                    <cat:definition><gco:CharacterString>cubic</gco:CharacterString></cat:definition>
                                    <cat:description><gco:CharacterString>cubic</gco:CharacterString></cat:description>
                                </cat:CT_CodelistValue>
                            </cat:codeEntry>
                            <cat:codeEntry  uuidref="https://schemas.isotc211.org/Resources/codelists.xml#ISO19123-1.gmlcov.CV_InterpolationMethod_bilinear">
                                <cat:CT_CodelistValue id="ISO19123-1.gmlcov.CV_InterpolationMethod_bilinear">
                                    <cat:identifier><gco:ScopedName codeSpace="https://standards.iso.org/19123/-1/1/clause#C.1">bilinear</gco:ScopedName></cat:identifier>
                                    <cat:name><gco:ScopedName codeSpace="https://standards.iso.org/19130/-1/1/clause#C.1">bilinear</gco:ScopedName></cat:name>
                                    <cat:definition><gco:CharacterString>bilinear</gco:CharacterString></cat:definition>
                                    <cat:description><gco:CharacterString>bilinear</gco:CharacterString></cat:description>
                                </cat:CT_CodelistValue>
                            </cat:codeEntry>
                            <cat:codeEntry  uuidref="https://schemas.isotc211.org/Resources/codelists.xml#ISO19123-1.gmlcov.CV_InterpolationMethod_biquadratic">
                                <cat:CT_CodelistValue id="ISO19123-1.gmlcov.CV_InterpolationMethod_biquadratic">
                                    <cat:identifier><gco:ScopedName codeSpace="https://standards.iso.org/19123/-1/1/clause#C.1">biquadratic</gco:ScopedName></cat:identifier>
                                    <cat:name><gco:ScopedName codeSpace="https://standards.iso.org/19130/-1/1/clause#C.1">biquadratic</gco:ScopedName></cat:name>
                                    <cat:definition><gco:CharacterString>biquadratic</gco:CharacterString></cat:definition>
                                    <cat:description><gco:CharacterString>biquadratic</gco:CharacterString></cat:description>
                                </cat:CT_CodelistValue>
                            </cat:codeEntry>
                            <cat:codeEntry  uuidref="https://schemas.isotc211.org/Resources/codelists.xml#ISO19123-1.gmlcov.CV_InterpolationMethod_bicubic">
                                <cat:CT_CodelistValue id="ISO19123-1.gmlcov.CV_InterpolationMethod_bicubic">
                                    <cat:identifier><gco:ScopedName codeSpace="https://standards.iso.org/19123/-1/1/clause#C.1">bicubic</gco:ScopedName></cat:identifier>
                                    <cat:name><gco:ScopedName codeSpace="https://standards.iso.org/19130/-1/1/clause#C.1">bicubic</gco:ScopedName></cat:name>
                                    <cat:definition><gco:CharacterString>bicubic</gco:CharacterString></cat:definition>
                                    <cat:description><gco:CharacterString>bicubic</gco:CharacterString></cat:description>
                                </cat:CT_CodelistValue>
                            </cat:codeEntry>
                            <cat:codeEntry  uuidref="https://schemas.isotc211.org/Resources/codelists.xml#ISO19123-1.gmlcov.CV_InterpolationMethod_lostarea">
                                <cat:CT_CodelistValue id="ISO19123-1.gmlcov.CV_InterpolationMethod_lostarea">
                                    <cat:identifier><gco:ScopedName codeSpace="https://standards.iso.org/19123/-1/1/clause#C.1">lostarea</gco:ScopedName></cat:identifier>
                                    <cat:name><gco:ScopedName codeSpace="https://standards.iso.org/19130/-1/1/clause#C.1">lostarea</gco:ScopedName></cat:name>
                                    <cat:definition><gco:CharacterString>lostarea</gco:CharacterString></cat:definition>
                                    <cat:description><gco:CharacterString>lostarea</gco:CharacterString></cat:description>
                                </cat:CT_CodelistValue>
                            </cat:codeEntry>
                            <cat:codeEntry  uuidref="https://schemas.isotc211.org/Resources/codelists.xml#ISO19123-1.gmlcov.CV_InterpolationMethod_barycentric">
                                <cat:CT_CodelistValue id="ISO19123-1.gmlcov.CV_InterpolationMethod_barycentric">
                                    <cat:identifier><gco:ScopedName codeSpace="https://standards.iso.org/19123/-1/1/clause#C.1">barycentric</gco:ScopedName></cat:identifier>
                                    <cat:name><gco:ScopedName codeSpace="https://standards.iso.org/19130/-1/1/clause#C.1">barycentric</gco:ScopedName></cat:name>
                                    <cat:definition><gco:CharacterString>barycentric</gco:CharacterString></cat:definition>
                                    <cat:description><gco:CharacterString>barycentric</gco:CharacterString></cat:description>
                                </cat:CT_CodelistValue>
                            </cat:codeEntry>
                        </cat:CT_Codelist>
                    </cat:codelistItem>
                    <!--   ............................................................................. -->
                     <!--   ............................................................................. -->
                   <!--   ............................................................................. -->
                 </cat:CT_CodelistCatalogue>
            </cat:subCatalogue>
            <!-- _________________________________________________________________________ -->
            <cat:codelistItem gco:nilReason="inapplicable"/>
    <!--   ============================================================================== -->
        </cat:CT_CodelistCatalogue>
    </cat:subCatalogue>
    <cat:codelistItem gco:nilReason="inapplicable"/>
</cat:CT_CodelistCatalogue>
