<?xml version="1.0" encoding="UTF-8"?>
<cat:CT_CodelistCatalogue xmlns:xsi="http://www.w3.org/2001/XMLSchema-instance"
    xsi:schemaLocation="https://schemas.isotc211.org/19139/-/cat/1.2 ../19139/-/cat/1.2.0/cat.xsd
    https://schemas.isotc211.org/19103/-/gco/1.2 ../19103/-/gco/1.2.0/gco.xsd
    http://www.opengis.net/gml/3.2 http://schemas.opengis.net/gml/3.2.1/gml.xsd"
    xmlns:cat="https://schemas.isotc211.org/19139/-/cat/1.2"
    xmlns:gco="https://schemas.isotc211.org/19103/-/gco/1.2"
    xmlns:xlink="http://www.w3.org/1999/xlink"
    xmlns:lan="https://schemas.isotc211.org/19115/-1/lan/1.3"
    xmlns:gml="http://www.opengis.net/gml/3.2">
    <!--=====Catalogue description=====-->
    <cat:name><gco:CharacterString>Codelists from the ISO / TC211 Standards</gco:CharacterString></cat:name>
    <cat:scope><gco:CharacterString>Codelists related to ISO / TC211 Standards</gco:CharacterString></cat:scope>
    <cat:fieldOfApplication><gco:CharacterString>ISO TC211 Standards</gco:CharacterString></cat:fieldOfApplication>
    <cat:versionNumber><gco:CharacterString>1.1</gco:CharacterString></cat:versionNumber>
    <cat:versionDate><gco:Date>2021-03-05</gco:Date></cat:versionDate>
    <cat:locale>
        <lan:PT_Locale>
            <lan:language>
                <lan:LanguageCode
                    codeList="https://standards.iso.org/19115/-1/1/clause#B.3.11"
                    codeListValue="eng">eng</lan:LanguageCode>
            </lan:language>
            <lan:characterEncoding>
                <lan:MD_CharacterSetCode
                    codeList="https://standards.iso.org/19115/-1/1/clause#B.3.14"
                    codeListValue="UTF-8">UTF-8</lan:MD_CharacterSetCode>
            </lan:characterEncoding>
        </lan:PT_Locale>
    </cat:locale>
    <!--===== Sub-Catalogue description ISO 19115 group of ISO / TC211 metadata Standards=====-->
    <cat:subCatalogue>
        <cat:CT_CodelistCatalogue>
            <!--=====Catalogue description=====-->
            <cat:name><gco:CharacterString>Codelists from the ISO 19163 group of ISO / TC211 Standards</gco:CharacterString></cat:name>
            <cat:scope><gco:CharacterString>Codelists related to ISO 19163 group of ISO / TC211 Metadata Standards</gco:CharacterString></cat:scope>
            <cat:fieldOfApplication><gco:CharacterString>ISO TC211 Metadata Standards</gco:CharacterString></cat:fieldOfApplication>
            <cat:versionNumber><gco:CharacterString>1.1</gco:CharacterString></cat:versionNumber>
            <cat:versionDate><gco:Date>2021-03-05</gco:Date></cat:versionDate>
            <cat:locale><lan:PT_Locale>
                <lan:language><lan:LanguageCode
                    codeList="https://standards.iso.org/19115/-1/1/clause#B.3.11"
                    codeListValue="eng">eng</lan:LanguageCode></lan:language>
                <lan:characterEncoding><lan:MD_CharacterSetCode
                    codeList="https://standards.iso.org/19115/-1/1/clause#B.3.14"
                    codeListValue="UTF-8">UTF-8</lan:MD_CharacterSetCode></lan:characterEncoding>
            </lan:PT_Locale></cat:locale>
            <!--   ============================================================================== -->
    <cat:subCatalogue xlink:title="Codelists from the Image and Gridded Data (igd) Namespace">
        <cat:CT_CodelistCatalogue id="ISO19163-1.igd">
            <cat:name><gco:CharacterString>Codelists from the Image and Gridded Data (igd) Namespace</gco:CharacterString></cat:name>
            <cat:scope><gco:CharacterString>Codelists related to Image and Gridded Data (igd) Namespace</gco:CharacterString></cat:scope>
            <cat:fieldOfApplication><gco:CharacterString>ISO TC211 Metadata Standards</gco:CharacterString></cat:fieldOfApplication>
            <cat:versionNumber><gco:CharacterString>1.1</gco:CharacterString></cat:versionNumber>
            <cat:versionDate><gco:Date>2021-03-05</gco:Date></cat:versionDate>
            <cat:locale><lan:PT_Locale>
                <lan:language><lan:LanguageCode
                    codeList="https://standards.iso.org/19115/-1/1/clause#LanguageCode"
                    codeListValue="eng">eng</lan:LanguageCode></lan:language>
                <lan:characterEncoding><lan:MD_CharacterSetCode
                    codeList="https://standards.iso.org/19115/-1/1/clause#MD_CharacterSetCode"
                    codeListValue="UTF-8">UTF-8</lan:MD_CharacterSetCode></lan:characterEncoding>
            </lan:PT_Locale></cat:locale>
            <!--   ............................................................................. -->
            <cat:codelistItem xlink:title="Code list items for GeometricCorrectionModel from the Image and Gridded Data (igd) Namespace">
                <cat:CT_Codelist id="ISO19163-1.igd.IE_GeometricCorrectionModelCode">
                    <cat:identifier><gco:ScopedName codeSpace="https://standards.iso.org/19163/-1/1/clause#B.27">IE_GeometricCorrectionModelCode</gco:ScopedName></cat:identifier>
                    <cat:name><gco:ScopedName codeSpace="https://standards.iso.org/19163/-1/1/clause#B.27">IE_GeometricCorrectionModelCode</gco:ScopedName></cat:name>
                    <cat:definition><gco:CharacterString></gco:CharacterString></cat:definition>
                    <cat:description><gco:CharacterString></gco:CharacterString></cat:description>
                    <cat:codeEntry  uuidref="https://schemas.isotc211.org/Resources/codelists.xml#ISO19163-1.igd.IE_GeometricCorrectionModelCode_CorrespondenceModel">
                        <cat:CT_CodelistValue id="ISO19163-1.igd.IE_GeometricCorrectionModelCode_CorrespondenceModel">
                            <cat:identifier><gco:ScopedName codeSpace="https://standards.iso.org/19163/-1/1/clause#B.27">CorrespondenceModel</gco:ScopedName></cat:identifier>
                            <cat:name><gco:ScopedName codeSpace="https://standards.iso.org/19163/-1/1/clause#B.27">CorrespondenceModel</gco:ScopedName></cat:name>
                            <cat:definition><gco:CharacterString>CorrespondenceModel</gco:CharacterString></cat:definition>
                            <cat:description><gco:CharacterString>CorrespondenceModel</gco:CharacterString></cat:description>
                        </cat:CT_CodelistValue>
                    </cat:codeEntry>
                    <cat:codeEntry  uuidref="https://schemas.isotc211.org/Resources/codelists.xml#ISO19163-1.igd.IE_GeometricCorrectionModelCode_PhysicalSensorModel">
                        <cat:CT_CodelistValue id="ISO19163-1.igd.IE_GeometricCorrectionModelCode_PhysicalSensorModel">
                            <cat:identifier><gco:ScopedName codeSpace="https://standards.iso.org/19163/-1/1/clause#B.27">PhysicalSensorModel</gco:ScopedName></cat:identifier>
                            <cat:name><gco:ScopedName codeSpace="https://standards.iso.org/19163/-1/1/clause#B.27">PhysicalSensorModel</gco:ScopedName></cat:name>
                            <cat:definition><gco:CharacterString>PhysicalSensorModel</gco:CharacterString></cat:definition>
                            <cat:description><gco:CharacterString>PhysicalSensorModel</gco:CharacterString></cat:description>
                        </cat:CT_CodelistValue>
                    </cat:codeEntry>
                    <cat:codeEntry  uuidref="https://schemas.isotc211.org/Resources/codelists.xml#ISO19163-1.igd.IE_GeometricCorrectionModelCode_TrueReplacementModel">
                        <cat:CT_CodelistValue id="ISO19163-1.igd.IE_GeometricCorrectionModelCode_TrueReplacementModel">
                            <cat:identifier><gco:ScopedName codeSpace="https://standards.iso.org/19163/-1/1/clause#B.27">TrueReplacementModel</gco:ScopedName></cat:identifier>
                            <cat:name><gco:ScopedName codeSpace="https://standards.iso.org/19163/-1/1/clause#B.27">TrueReplacementModel</gco:ScopedName></cat:name>
                            <cat:definition><gco:CharacterString>TrueReplacementModel</gco:CharacterString></cat:definition>
                            <cat:description><gco:CharacterString>TrueReplacementModel</gco:CharacterString></cat:description>
                        </cat:CT_CodelistValue>
                    </cat:codeEntry>
                </cat:CT_Codelist>
            </cat:codelistItem>
            <!--   ............................................................................. -->
            <cat:codelistItem xlink:title="Code list items for IE_GeolocationSourceCode from the Image and Gridded Data (igd) Namespace">
                <cat:CT_Codelist id="ISO19163-1.igd.IE_GeolocationSourceCode">
                    <cat:identifier><gco:ScopedName codeSpace="https://standards.iso.org/19163/-1/1/clause#B.26">IE_GeolocationSourceCode</gco:ScopedName></cat:identifier>
                    <cat:name><gco:ScopedName codeSpace="https://standards.iso.org/19163/-1/1/clause#B.26">IE_GeolocationSourceCode</gco:ScopedName></cat:name>
                    <cat:definition><gco:CharacterString></gco:CharacterString></cat:definition>
                    <cat:description><gco:CharacterString></gco:CharacterString></cat:description>
                    <cat:codeEntry  uuidref="https://schemas.isotc211.org/Resources/codelists.xml#ISO19163-1.igd.IE_GeolocationSourceCode_DEM">
                        <cat:CT_CodelistValue id="ISO19163-1.igd.IE_GeolocationSourceCode_DEM">
                            <cat:identifier><gco:ScopedName codeSpace="https://standards.iso.org/19163/-1/1/clause#B.26">DEM</gco:ScopedName></cat:identifier>
                            <cat:name><gco:ScopedName codeSpace="https://standards.iso.org/19163/-1/1/clause#B.26">DEM</gco:ScopedName></cat:name>
                            <cat:definition><gco:CharacterString>DEM</gco:CharacterString></cat:definition>
                            <cat:description><gco:CharacterString>DEM</gco:CharacterString></cat:description>
                        </cat:CT_CodelistValue>
                    </cat:codeEntry>
                    <cat:codeEntry  uuidref="https://schemas.isotc211.org/Resources/codelists.xml#ISO19163-1.igd.IE_GeolocationSourceCode_GCP">
                        <cat:CT_CodelistValue id="ISO19163-1.igd.IE_GeolocationSourceCode_GCP">
                            <cat:identifier><gco:ScopedName codeSpace="https://standards.iso.org/19163/-1/1/clause#B.26">GCP</gco:ScopedName></cat:identifier>
                            <cat:name><gco:ScopedName codeSpace="https://standards.iso.org/19163/-1/1/clause#B.26">GCP</gco:ScopedName></cat:name>
                            <cat:definition><gco:CharacterString>GCP</gco:CharacterString></cat:definition>
                            <cat:description><gco:CharacterString>GCP</gco:CharacterString></cat:description>
                        </cat:CT_CodelistValue>
                    </cat:codeEntry>
                    <cat:codeEntry  uuidref="https://schemas.isotc211.org/Resources/codelists.xml#ISO19163-1.igd.IE_GeolocationSourceCode_SystemParameters">
                        <cat:CT_CodelistValue id="ISO19163-1.igd.IE_GeolocationSourceCode_SystemParameters">
                            <cat:identifier><gco:ScopedName codeSpace="https://standards.iso.org/19163/-1/1/clause#B.26">SystemParameters</gco:ScopedName></cat:identifier>
                            <cat:name><gco:ScopedName codeSpace="https://standards.iso.org/19163/-1/1/clause#B.26">SystemParameters</gco:ScopedName></cat:name>
                            <cat:definition><gco:CharacterString>SystemParameters</gco:CharacterString></cat:definition>
                            <cat:description><gco:CharacterString>SystemParameters</gco:CharacterString></cat:description>
                        </cat:CT_CodelistValue>
                    </cat:codeEntry>
                    <cat:codeEntry  uuidref="https://schemas.isotc211.org/Resources/codelists.xml#ISO19163-1.igd.IE_GeolocationSourceCode_SystemParametersPlusDEM">
                        <cat:CT_CodelistValue id="ISO19163-1.igd.IE_GeolocationSourceCode_SystemParametersPlusDEM">
                            <cat:identifier><gco:ScopedName codeSpace="https://standards.iso.org/19163/-1/1/clause#B.26">SystemParameters+DEM</gco:ScopedName></cat:identifier>
                            <cat:name><gco:ScopedName codeSpace="https://standards.iso.org/19163/-1/1/clause#B.26">SystemParameters+DEM</gco:ScopedName></cat:name>
                            <cat:definition><gco:CharacterString>SystemParameters+DEM</gco:CharacterString></cat:definition>
                            <cat:description><gco:CharacterString>SystemParameters+DEM</gco:CharacterString></cat:description>
                        </cat:CT_CodelistValue>
                    </cat:codeEntry>
                    <cat:codeEntry  uuidref="https://schemas.isotc211.org/Resources/codelists.xml#ISO19163-1.igd.IE_GeolocationSourceCode_SystemParametersPlusGCP">
                        <cat:CT_CodelistValue id="ISO19163-1.igd.IE_GeolocationSourceCode_SystemParametersPlusGCP">
                            <cat:identifier><gco:ScopedName codeSpace="https://standards.iso.org/19163/-1/1/clause#B.26">SystemParameters+GCP</gco:ScopedName></cat:identifier>
                            <cat:name><gco:ScopedName codeSpace="https://standards.iso.org/19163/-1/1/clause#B.26">SystemParameters+GCP</gco:ScopedName></cat:name>
                            <cat:definition><gco:CharacterString>SystemParameters+GCP</gco:CharacterString></cat:definition>
                            <cat:description><gco:CharacterString>SystemParameters+GCP</gco:CharacterString></cat:description>
                        </cat:CT_CodelistValue>
                    </cat:codeEntry>
                    <cat:codeEntry  uuidref="https://schemas.isotc211.org/Resources/codelists.xml#ISO19163-1.igd.IE_GeolocationSourceCode_SystemParametersPlusGCPPlusDEM">
                        <cat:CT_CodelistValue id="ISO19163-1.igd.IE_GeolocationSourceCode_SystemParametersPlusGCPPlusDEM">
                            <cat:identifier><gco:ScopedName codeSpace="https://standards.iso.org/19163/-1/1/clause#B.26">SystemParameters+GCP+DEM</gco:ScopedName></cat:identifier>
                            <cat:name><gco:ScopedName codeSpace="https://standards.iso.org/19163/-1/1/clause#B.26">SystemParameters+GCP+DEM</gco:ScopedName></cat:name>
                            <cat:definition><gco:CharacterString>SystemParameters+GCP+DEM</gco:CharacterString></cat:definition>
                            <cat:description><gco:CharacterString>SystemParameters+GCP+DEM</gco:CharacterString></cat:description>
                        </cat:CT_CodelistValue>
                    </cat:codeEntry>
                    <cat:codeEntry  uuidref="https://schemas.isotc211.org/Resources/codelists.xml#ISO19163-1.igd.IE_GeolocationSourceCode_GCPPlusDEM">
                        <cat:CT_CodelistValue id="ISO19163-1.igd.IE_GeolocationSourceCode_GCPPlusDEM">
                            <cat:identifier><gco:ScopedName codeSpace="https://standards.iso.org/19163/-1/1/clause#B.26">GCP+DEM</gco:ScopedName></cat:identifier>
                            <cat:name><gco:ScopedName codeSpace="https://standards.iso.org/19163/-1/1/clause#B.26">GCP+DEM</gco:ScopedName></cat:name>
                            <cat:definition><gco:CharacterString>GCP+DEM</gco:CharacterString></cat:definition>
                            <cat:description><gco:CharacterString>GCP+DEM</gco:CharacterString></cat:description>
                        </cat:CT_CodelistValue>
                    </cat:codeEntry>
                </cat:CT_Codelist>
            </cat:codelistItem>
            <!--   ............................................................................. -->
            <cat:codelistItem xlink:title="Code list items for IE_ProcessingActionCode from the Image and Gridded Data (igd) Namespace">
                <cat:CT_Codelist id="ISO19163-1.igd.IE_ProcessingActionCode">
                    <cat:identifier><gco:ScopedName codeSpace="https://standards.iso.org/19163/-1/1/clause#B.29">IE_ProcessingActionCode</gco:ScopedName></cat:identifier>
                    <cat:name><gco:ScopedName codeSpace="https://standards.iso.org/19163/-1/1/clause#B.29">IE_ProcessingActionCode</gco:ScopedName></cat:name>
                    <cat:definition><gco:CharacterString></gco:CharacterString></cat:definition>
                    <cat:description><gco:CharacterString></gco:CharacterString></cat:description>
                    <cat:codeEntry  uuidref="https://schemas.isotc211.org/Resources/codelists.xml#ISO19163-1.igd.IE_ProcessingActionCode_ImageEnhancement">
                        <cat:CT_CodelistValue id="ISO19163-1.igd.IE_ProcessingActionCode_ImageEnhancement">
                            <cat:identifier><gco:ScopedName codeSpace="https://standards.iso.org/19163/-1/1/clause#B.29">ImageEnhancement</gco:ScopedName></cat:identifier>
                            <cat:name><gco:ScopedName codeSpace="https://standards.iso.org/19163/-1/1/clause#B.29">ImageEnhancement</gco:ScopedName></cat:name>
                            <cat:definition><gco:CharacterString>ImageEnhancement</gco:CharacterString></cat:definition>
                            <cat:description><gco:CharacterString>ImageEnhancement</gco:CharacterString></cat:description>
                        </cat:CT_CodelistValue>
                    </cat:codeEntry>
                    <cat:codeEntry  uuidref="https://schemas.isotc211.org/Resources/codelists.xml#ISO19163-1.igd.IE_ProcessingActionCode_ImageFusion">
                        <cat:CT_CodelistValue id="ISO19163-1.igd.IE_ProcessingActionCode_ImageFusion">
                            <cat:identifier><gco:ScopedName codeSpace="https://standards.iso.org/19163/-1/1/clause#B.29">ImageFusion</gco:ScopedName></cat:identifier>
                            <cat:name><gco:ScopedName codeSpace="https://standards.iso.org/19163/-1/1/clause#B.29">ImageFusion</gco:ScopedName></cat:name>
                            <cat:definition><gco:CharacterString>ImageFusion</gco:CharacterString></cat:definition>
                            <cat:description><gco:CharacterString>ImageFusion</gco:CharacterString></cat:description>
                        </cat:CT_CodelistValue>
                    </cat:codeEntry>
                    <cat:codeEntry  uuidref="https://schemas.isotc211.org/Resources/codelists.xml#ISO19163-1.igd.IE_ProcessingActionCode_ImageSmoothing">
                        <cat:CT_CodelistValue id="ISO19163-1.igd.IE_ProcessingActionCode_ImageSmoothing">
                            <cat:identifier><gco:ScopedName codeSpace="https://standards.iso.org/19163/-1/1/clause#B.29">ImageSmoothing</gco:ScopedName></cat:identifier>
                            <cat:name><gco:ScopedName codeSpace="https://standards.iso.org/19163/-1/1/clause#B.29">ImageSmoothing</gco:ScopedName></cat:name>
                            <cat:definition><gco:CharacterString>ImageSmoothing</gco:CharacterString></cat:definition>
                            <cat:description><gco:CharacterString>ImageSmoothing</gco:CharacterString></cat:description>
                        </cat:CT_CodelistValue>
                    </cat:codeEntry>
                </cat:CT_Codelist>
            </cat:codelistItem>
            <!--   ............................................................................. -->
            <cat:codelistItem xlink:title="Code list items for IE_RadiometricCalibrationTypeCode from the Image and Gridded Data (igd) Namespace">
                <cat:CT_Codelist id="ISO19163-1.igd.IE_RadiometricCalibrationTypeCode">
                    <cat:identifier><gco:ScopedName codeSpace="https://standards.iso.org/19163/-1/1/clause#B.28">IE_RadiometricCalibrationTypeCode</gco:ScopedName></cat:identifier>
                    <cat:name><gco:ScopedName codeSpace="https://standards.iso.org/19163/-1/1/clause#B.28">IE_RadiometricCalibrationTypeCode</gco:ScopedName></cat:name>
                    <cat:definition><gco:CharacterString></gco:CharacterString></cat:definition>
                    <cat:description><gco:CharacterString></gco:CharacterString></cat:description>
                    <cat:codeEntry  uuidref="https://schemas.isotc211.org/Resources/codelists.xml#ISO19163-1.igd.IE_RadiometricCalibrationTypeCode_AbsoluteRadiometricCalibration">
                        <cat:CT_CodelistValue id="ISO19163-1.igd.IE_RadiometricCalibrationTypeCode_AbsoluteRadiometricCalibration">
                            <cat:identifier><gco:ScopedName codeSpace="https://standards.iso.org/19163/-1/1/clause#B.28">AbsoluteRadiometricCalibration</gco:ScopedName></cat:identifier>
                            <cat:name><gco:ScopedName codeSpace="https://standards.iso.org/19163/-1/1/clause#B.28">AbsoluteRadiometricCalibration</gco:ScopedName></cat:name>
                            <cat:definition><gco:CharacterString>AbsoluteRadiometricCalibration</gco:CharacterString></cat:definition>
                            <cat:description><gco:CharacterString>AbsoluteRadiometricCalibration</gco:CharacterString></cat:description>
                        </cat:CT_CodelistValue>
                    </cat:codeEntry>
                    <cat:codeEntry  uuidref="https://schemas.isotc211.org/Resources/codelists.xml#ISO19163-1.igd.IE_RadiometricCalibrationTypeCode_RelativeRadiometricCalibration">
                        <cat:CT_CodelistValue id="ISO19163-1.igd.IE_RadiometricCalibrationTypeCode_RelativeRadiometricCalibration">
                            <cat:identifier><gco:ScopedName codeSpace="https://standards.iso.org/19163/-1/1/clause#B.28">RelativeRadiometricCalibration</gco:ScopedName></cat:identifier>
                            <cat:name><gco:ScopedName codeSpace="https://standards.iso.org/19163/-1/1/clause#B.28">RelativeRadiometricCalibration</gco:ScopedName></cat:name>
                            <cat:definition><gco:CharacterString>RelativeRadiometricCalibration</gco:CharacterString></cat:definition>
                            <cat:description><gco:CharacterString>RelativeRadiometricCalibration</gco:CharacterString></cat:description>
                        </cat:CT_CodelistValue>
                    </cat:codeEntry>
                </cat:CT_Codelist>
            </cat:codelistItem>
            <!--   ............................................................................. -->
            <cat:codelistItem xlink:title="Code list items for IE_OpticalImageTypeCode from the Image and Gridded Data (igd) Namespace">
                <cat:CT_Codelist id="ISO19163-1.igd.IE_OpticalImageTypeCode">
                    <cat:identifier><gco:ScopedName codeSpace="https://standards.iso.org/19163/-1/1/clause#B.30">IE_OpticalImageTypeCode</gco:ScopedName></cat:identifier>
                    <cat:name><gco:ScopedName codeSpace="https://standards.iso.org/19163/-1/1/clause#B.30">IE_OpticalImageTypeCode</gco:ScopedName></cat:name>
                    <cat:definition><gco:CharacterString></gco:CharacterString></cat:definition>
                    <cat:description><gco:CharacterString></gco:CharacterString></cat:description>
                    <cat:codeEntry  uuidref="https://schemas.isotc211.org/Resources/codelists.xml#ISO19163-1.igd.IE_OpticalImageTypeCode_HyperspectialImage">
                        <cat:CT_CodelistValue id="ISO19163-1.igd.IE_OpticalImageTypeCode_HyperspectialImage">
                            <cat:identifier><gco:ScopedName codeSpace="https://standards.iso.org/19163/-1/1/clause#B.30">HyperspectialImage</gco:ScopedName></cat:identifier>
                            <cat:name><gco:ScopedName codeSpace="https://standards.iso.org/19163/-1/1/clause#B.30">HyperspectialImage</gco:ScopedName></cat:name>
                            <cat:definition><gco:CharacterString>HyperspectialImage</gco:CharacterString></cat:definition>
                            <cat:description><gco:CharacterString>HyperspectialImage</gco:CharacterString></cat:description>
                        </cat:CT_CodelistValue>
                    </cat:codeEntry>
                    <cat:codeEntry  uuidref="https://schemas.isotc211.org/Resources/codelists.xml#ISO19163-1.igd.IE_OpticalImageTypeCode_InfraredImage">
                        <cat:CT_CodelistValue id="ISO19163-1.igd.IE_OpticalImageTypeCode_InfraredImage">
                            <cat:identifier><gco:ScopedName codeSpace="https://standards.iso.org/19163/-1/1/clause#B.30">InfraredImage</gco:ScopedName></cat:identifier>
                            <cat:name><gco:ScopedName codeSpace="https://standards.iso.org/19163/-1/1/clause#B.30">InfraredImage</gco:ScopedName></cat:name>
                            <cat:definition><gco:CharacterString>InfraredImage</gco:CharacterString></cat:definition>
                            <cat:description><gco:CharacterString>InfraredImage</gco:CharacterString></cat:description>
                        </cat:CT_CodelistValue>
                    </cat:codeEntry>
                    <cat:codeEntry  uuidref="https://schemas.isotc211.org/Resources/codelists.xml#ISO19163-1.igd.IE_OpticalImageTypeCode_MultispectralImage">
                        <cat:CT_CodelistValue id="ISO19163-1.igd.IE_OpticalImageTypeCode_MultispectralImage">
                            <cat:identifier><gco:ScopedName codeSpace="https://standards.iso.org/19163/-1/1/clause#B.30">MultispectralImage</gco:ScopedName></cat:identifier>
                            <cat:name><gco:ScopedName codeSpace="https://standards.iso.org/19163/-1/1/clause#B.30">MultispectralImage</gco:ScopedName></cat:name>
                            <cat:definition><gco:CharacterString>MultispectralImage</gco:CharacterString></cat:definition>
                            <cat:description><gco:CharacterString>MultispectralImage</gco:CharacterString></cat:description>
                        </cat:CT_CodelistValue>
                    </cat:codeEntry>
                    <cat:codeEntry  uuidref="https://schemas.isotc211.org/Resources/codelists.xml#ISO19163-1.igd.IE_OpticalImageTypeCode_PanchromaticImage">
                        <cat:CT_CodelistValue id="ISO19163-1.igd.IE_OpticalImageTypeCode_PanchromaticImage">
                            <cat:identifier><gco:ScopedName codeSpace="https://standards.iso.org/19163/-1/1/clause#B.30">PanchromaticImage</gco:ScopedName></cat:identifier>
                            <cat:name><gco:ScopedName codeSpace="https://standards.iso.org/19163/-1/1/clause#B.30">PanchromaticImage</gco:ScopedName></cat:name>
                            <cat:definition><gco:CharacterString>PanchromaticImage</gco:CharacterString></cat:definition>
                            <cat:description><gco:CharacterString>PanchromaticImage</gco:CharacterString></cat:description>
                        </cat:CT_CodelistValue>
                    </cat:codeEntry>
                    <cat:codeEntry  uuidref="https://schemas.isotc211.org/Resources/codelists.xml#ISO19163-1.igd.IE_OpticalImageTypeCode_Other">
                        <cat:CT_CodelistValue id="ISO19163-1.igd.IE_OpticalImageTypeCode_Other">
                            <cat:identifier><gco:ScopedName codeSpace="https://standards.iso.org/19163/-1/1/clause#B.30">Other</gco:ScopedName></cat:identifier>
                            <cat:name><gco:ScopedName codeSpace="https://standards.iso.org/19163/-1/1/clause#B.30">Other</gco:ScopedName></cat:name>
                            <cat:definition><gco:CharacterString>Other</gco:CharacterString></cat:definition>
                            <cat:description><gco:CharacterString>Other</gco:CharacterString></cat:description>
                        </cat:CT_CodelistValue>
                    </cat:codeEntry>
                </cat:CT_Codelist>
            </cat:codelistItem>
            <!--   ............................................................................. -->
            <cat:codelistItem xlink:title="Code list items for IE_OpticalSensorTypeCode from the Image and Gridded Data (igd) Namespace">
                <cat:CT_Codelist id="ISO19163-1.igd.IE_OpticalSensorTypeCode">
                    <cat:identifier><gco:ScopedName codeSpace="https://standards.iso.org/19163/-1/1/clause#B.31">IE_OpticalSensorTypeCode</gco:ScopedName></cat:identifier>
                    <cat:name><gco:ScopedName codeSpace="https://standards.iso.org/19163/-1/1/clause#B.31">IE_OpticalSensorTypeCode</gco:ScopedName></cat:name>
                    <cat:definition><gco:CharacterString></gco:CharacterString></cat:definition>
                    <cat:description><gco:CharacterString></gco:CharacterString></cat:description>
                    <cat:codeEntry  uuidref="https://schemas.isotc211.org/Resources/codelists.xml#ISO19163-1.igd.IE_OpticalSensorTypeCode_Frame">
                        <cat:CT_CodelistValue id="ISO19163-1.igd.IE_OpticalSensorTypeCode_Frame">
                            <cat:identifier><gco:ScopedName codeSpace="https://standards.iso.org/19163/-1/1/clause#B.31">Frame</gco:ScopedName></cat:identifier>
                            <cat:name><gco:ScopedName codeSpace="https://standards.iso.org/19163/-1/1/clause#B.31">Frame</gco:ScopedName></cat:name>
                            <cat:definition><gco:CharacterString>Frame</gco:CharacterString></cat:definition>
                            <cat:description><gco:CharacterString>Frame</gco:CharacterString></cat:description>
                        </cat:CT_CodelistValue>
                    </cat:codeEntry>
                    <cat:codeEntry  uuidref="https://schemas.isotc211.org/Resources/codelists.xml#ISO19163-1.igd.IE_OpticalSensorTypeCode_Pushbroom">
                        <cat:CT_CodelistValue id="ISO19163-1.igd.IE_OpticalSensorTypeCode_Pushbroom">
                            <cat:identifier><gco:ScopedName codeSpace="https://standards.iso.org/19163/-1/1/clause#B.31">Pushbroom</gco:ScopedName></cat:identifier>
                            <cat:name><gco:ScopedName codeSpace="https://standards.iso.org/19163/-1/1/clause#B.31">Pushbroom</gco:ScopedName></cat:name>
                            <cat:definition><gco:CharacterString>Pushbroom</gco:CharacterString></cat:definition>
                            <cat:description><gco:CharacterString>Pushbroom</gco:CharacterString></cat:description>
                        </cat:CT_CodelistValue>
                    </cat:codeEntry>
                    <cat:codeEntry  uuidref="https://schemas.isotc211.org/Resources/codelists.xml#ISO19163-1.igd.IE_OpticalSensorTypeCode_Whiskbroom">
                        <cat:CT_CodelistValue id="ISO19163-1.igd.IE_OpticalSensorTypeCode_Whiskbroom">
                            <cat:identifier><gco:ScopedName codeSpace="https://standards.iso.org/19163/-1/1/clause#B.31">Whiskbroom</gco:ScopedName></cat:identifier>
                            <cat:name><gco:ScopedName codeSpace="https://standards.iso.org/19163/-1/1/clause#B.31">Whiskbroom</gco:ScopedName></cat:name>
                            <cat:definition><gco:CharacterString>Whiskbroom</gco:CharacterString></cat:definition>
                            <cat:description><gco:CharacterString>Whiskbroom</gco:CharacterString></cat:description>
                        </cat:CT_CodelistValue>
                    </cat:codeEntry>
                    <cat:codeEntry  uuidref="https://schemas.isotc211.org/Resources/codelists.xml#ISO19163-1.igd.IE_OpticalSensorTypeCode_Other">
                        <cat:CT_CodelistValue id="ISO19163-1.igd.IE_OpticalSensorTypeCode_Other">
                            <cat:identifier><gco:ScopedName codeSpace="https://standards.iso.org/19163/-1/1/clause#B.31">Other</gco:ScopedName></cat:identifier>
                            <cat:name><gco:ScopedName codeSpace="https://standards.iso.org/19163/-1/1/clause#B.31">Other</gco:ScopedName></cat:name>
                            <cat:definition><gco:CharacterString>Other</gco:CharacterString></cat:definition>
                            <cat:description><gco:CharacterString>Other</gco:CharacterString></cat:description>
                        </cat:CT_CodelistValue>
                    </cat:codeEntry>
                </cat:CT_Codelist>
            </cat:codelistItem>
            <!--   ............................................................................. -->
            <cat:codelistItem xlink:title="Code list items for IE_SARImagingModeCode from the Image and Gridded Data (igd) Namespace">
                <cat:CT_Codelist id="ISO19163-1.igd.IE_SARImagingModeCode">
                    <cat:identifier><gco:ScopedName codeSpace="https://standards.iso.org/19163/-1/1/clause#B.32">IE_SARImagingModeCode</gco:ScopedName></cat:identifier>
                    <cat:name><gco:ScopedName codeSpace="https://standards.iso.org/19163/-1/1/clause#B.32">IE_SARImagingModeCode</gco:ScopedName></cat:name>
                    <cat:definition><gco:CharacterString></gco:CharacterString></cat:definition>
                    <cat:description><gco:CharacterString></gco:CharacterString></cat:description>
                    <cat:codeEntry  uuidref="https://schemas.isotc211.org/Resources/codelists.xml#ISO19163-1.igd.IE_SARImagingModeCode_SpotlightMode">
                        <cat:CT_CodelistValue id="ISO19163-1.igd.IE_SARImagingModeCode_SpotlightMode">
                            <cat:identifier><gco:ScopedName codeSpace="https://standards.iso.org/19163/-1/1/clause#B.32">SpotlightMode</gco:ScopedName></cat:identifier>
                            <cat:name><gco:ScopedName codeSpace="https://standards.iso.org/19163/-1/1/clause#B.32">SpotlightMode</gco:ScopedName></cat:name>
                            <cat:definition><gco:CharacterString>SpotlightMode</gco:CharacterString></cat:definition>
                            <cat:description><gco:CharacterString>SpotlightMode</gco:CharacterString></cat:description>
                        </cat:CT_CodelistValue>
                    </cat:codeEntry>
                    <cat:codeEntry  uuidref="https://schemas.isotc211.org/Resources/codelists.xml#ISO19163-1.igd.IE_SARImagingModeCode_StripmapMode">
                        <cat:CT_CodelistValue id="ISO19163-1.igd.IE_SARImagingModeCode_StripmapMode">
                            <cat:identifier><gco:ScopedName codeSpace="https://standards.iso.org/19163/-1/1/clause#B.32">StripmapMode</gco:ScopedName></cat:identifier>
                            <cat:name><gco:ScopedName codeSpace="https://standards.iso.org/19163/-1/1/clause#B.32">StripmapMode</gco:ScopedName></cat:name>
                            <cat:definition><gco:CharacterString>StripmapMode</gco:CharacterString></cat:definition>
                            <cat:description><gco:CharacterString>StripmapMode</gco:CharacterString></cat:description>
                        </cat:CT_CodelistValue>
                    </cat:codeEntry>
                    <cat:codeEntry  uuidref="https://schemas.isotc211.org/Resources/codelists.xml#ISO19163-1.igd.IE_SARImagingModeCode_other">
                        <cat:CT_CodelistValue id="ISO19163-1.igd.IE_SARImagingModeCode_other">
                            <cat:identifier><gco:ScopedName codeSpace="https://standards.iso.org/19163/-1/1/clause#B.32">other</gco:ScopedName></cat:identifier>
                            <cat:name><gco:ScopedName codeSpace="https://standards.iso.org/19163/-1/1/clause#B.32">other</gco:ScopedName></cat:name>
                            <cat:definition><gco:CharacterString>other</gco:CharacterString></cat:definition>
                            <cat:description><gco:CharacterString>other</gco:CharacterString></cat:description>
                        </cat:CT_CodelistValue>
                    </cat:codeEntry>
                </cat:CT_Codelist>
            </cat:codelistItem>
            <!--   ............................................................................. -->
            <cat:codelistItem xlink:title="Code list items for IE_SARComplexLayerCode from the Image and Gridded Data (igd) Namespace">
                <cat:CT_Codelist id="ISO19163-1.igd.IE_SARComplexLayerCode">
                    <cat:identifier><gco:ScopedName codeSpace="https://standards.iso.org/19163/-1/1/clause#B.33">IE_SARComplexLayerCode</gco:ScopedName></cat:identifier>
                    <cat:name><gco:ScopedName codeSpace="https://standards.iso.org/19163/-1/1/clause#B.33">IE_SARComplexLayerCode</gco:ScopedName></cat:name>
                    <cat:definition><gco:CharacterString></gco:CharacterString></cat:definition>
                    <cat:description><gco:CharacterString></gco:CharacterString></cat:description>
                    <cat:codeEntry  uuidref="https://schemas.isotc211.org/Resources/codelists.xml#ISO19163-1.igd.IE_SARComplexLayerCode_ComplexNumber">
                        <cat:CT_CodelistValue id="ISO19163-1.igd.IE_SARComplexLayerCode_ComplexNumber">
                            <cat:identifier><gco:ScopedName codeSpace="https://standards.iso.org/19163/-1/1/clause#B.33">ComplexNumber</gco:ScopedName></cat:identifier>
                            <cat:name><gco:ScopedName codeSpace="https://standards.iso.org/19163/-1/1/clause#B.33">ComplexNumber</gco:ScopedName></cat:name>
                            <cat:definition><gco:CharacterString>ComplexNumber</gco:CharacterString></cat:definition>
                            <cat:description><gco:CharacterString>ComplexNumber</gco:CharacterString></cat:description>
                        </cat:CT_CodelistValue>
                    </cat:codeEntry>
                    <cat:codeEntry  uuidref="https://schemas.isotc211.org/Resources/codelists.xml#ISO19163-1.igd.IE_SARComplexLayerCode_RealNumber">
                        <cat:CT_CodelistValue id="ISO19163-1.igd.IE_SARComplexLayerCode_RealNumber">
                            <cat:identifier><gco:ScopedName codeSpace="https://standards.iso.org/19163/-1/1/clause#B.33">RealNumber</gco:ScopedName></cat:identifier>
                            <cat:name><gco:ScopedName codeSpace="https://standards.iso.org/19163/-1/1/clause#B.33">RealNumber</gco:ScopedName></cat:name>
                            <cat:definition><gco:CharacterString>RealNumber</gco:CharacterString></cat:definition>
                            <cat:description><gco:CharacterString>RealNumber</gco:CharacterString></cat:description>
                        </cat:CT_CodelistValue>
                    </cat:codeEntry>
                    <cat:codeEntry  uuidref="https://schemas.isotc211.org/Resources/codelists.xml#ISO19163-1.igd.IE_SARComplexLayerCode_ImaginaryNumber">
                        <cat:CT_CodelistValue id="ISO19163-1.igd.IE_SARComplexLayerCode_ImaginaryNumber">
                            <cat:identifier><gco:ScopedName codeSpace="https://standards.iso.org/19163/-1/1/clause#B.33">ImaginaryNumber</gco:ScopedName></cat:identifier>
                            <cat:name><gco:ScopedName codeSpace="https://standards.iso.org/19163/-1/1/clause#B.33">ImaginaryNumber</gco:ScopedName></cat:name>
                            <cat:definition><gco:CharacterString>ImaginaryNumber</gco:CharacterString></cat:definition>
                            <cat:description><gco:CharacterString>ImaginaryNumber</gco:CharacterString></cat:description>
                        </cat:CT_CodelistValue>
                    </cat:codeEntry>
                    <cat:codeEntry  uuidref="https://schemas.isotc211.org/Resources/codelists.xml#ISO19163-1.igd.IE_SARComplexLayerCode_Phase">
                        <cat:CT_CodelistValue id="ISO19163-1.igd.IE_SARComplexLayerCode_Phase">
                            <cat:identifier><gco:ScopedName codeSpace="https://standards.iso.org/19163/-1/1/clause#B.33">Phase</gco:ScopedName></cat:identifier>
                            <cat:name><gco:ScopedName codeSpace="https://standards.iso.org/19163/-1/1/clause#B.33">Phase</gco:ScopedName></cat:name>
                            <cat:definition><gco:CharacterString>Phase</gco:CharacterString></cat:definition>
                            <cat:description><gco:CharacterString>Phase</gco:CharacterString></cat:description>
                        </cat:CT_CodelistValue>
                    </cat:codeEntry>
                    <cat:codeEntry  uuidref="https://schemas.isotc211.org/Resources/codelists.xml#ISO19163-1.igd.IE_SARComplexLayerCode_Magnitude">
                        <cat:CT_CodelistValue id="ISO19163-1.igd.IE_SARComplexLayerCode_Magnitude">
                            <cat:identifier><gco:ScopedName codeSpace="https://standards.iso.org/19163/-1/1/clause#B.33">Magnitude</gco:ScopedName></cat:identifier>
                            <cat:name><gco:ScopedName codeSpace="https://standards.iso.org/19163/-1/1/clause#B.33">Magnitude</gco:ScopedName></cat:name>
                            <cat:definition><gco:CharacterString>Magnitude</gco:CharacterString></cat:definition>
                            <cat:description><gco:CharacterString>Magnitude</gco:CharacterString></cat:description>
                        </cat:CT_CodelistValue>
                    </cat:codeEntry>
                </cat:CT_Codelist>
            </cat:codelistItem>
            <!--   ............................................................................. -->
            <cat:codelistItem xlink:title="Code list items for IE_PMWScanningModeCode from the Image and Gridded Data (igd) Namespace">
                <cat:CT_Codelist id="ISO19163-1.igd.IE_PMWScanningModeCode">
                    <cat:identifier><gco:ScopedName codeSpace="https://standards.iso.org/19163/-1/1/clause#B.34">IE_PMWScanningModeCode</gco:ScopedName></cat:identifier>
                    <cat:name><gco:ScopedName codeSpace="https://standards.iso.org/19163/-1/1/clause#B.34">IE_PMWScanningModeCode</gco:ScopedName></cat:name>
                    <cat:definition><gco:CharacterString></gco:CharacterString></cat:definition>
                    <cat:description><gco:CharacterString></gco:CharacterString></cat:description>
                    <cat:codeEntry  uuidref="https://schemas.isotc211.org/Resources/codelists.xml#ISO19163-1.igd.IE_PMWScanningModeCode_ConicalScanning">
                        <cat:CT_CodelistValue id="ISO19163-1.igd.IE_PMWScanningModeCode_ConicalScanning">
                            <cat:identifier><gco:ScopedName codeSpace="https://standards.iso.org/19163/-1/1/clause#B.34">ConicalScanning</gco:ScopedName></cat:identifier>
                            <cat:name><gco:ScopedName codeSpace="https://standards.iso.org/19163/-1/1/clause#B.34">ConicalScanning</gco:ScopedName></cat:name>
                            <cat:definition><gco:CharacterString>ConicalScanning</gco:CharacterString></cat:definition>
                            <cat:description><gco:CharacterString>ConicalScanning</gco:CharacterString></cat:description>
                        </cat:CT_CodelistValue>
                    </cat:codeEntry>
                    <cat:codeEntry  uuidref="https://schemas.isotc211.org/Resources/codelists.xml#ISO19163-1.igd.IE_PMWScanningModeCode_CrosstrackScanning">
                        <cat:CT_CodelistValue id="ISO19163-1.igd.IE_PMWScanningModeCode_CrosstrackScanning">
                            <cat:identifier><gco:ScopedName codeSpace="https://standards.iso.org/19163/-1/1/clause#B.34">CrosstrackScanning</gco:ScopedName></cat:identifier>
                            <cat:name><gco:ScopedName codeSpace="https://standards.iso.org/19163/-1/1/clause#B.34">CrosstrackScanning</gco:ScopedName></cat:name>
                            <cat:definition><gco:CharacterString>CrosstrackScanning</gco:CharacterString></cat:definition>
                            <cat:description><gco:CharacterString>CrosstrackScanning</gco:CharacterString></cat:description>
                        </cat:CT_CodelistValue>
                    </cat:codeEntry>
                    <cat:codeEntry  uuidref="https://schemas.isotc211.org/Resources/codelists.xml#ISO19163-1.igd.IE_PMWScanningModeCode_LimbScanning">
                        <cat:CT_CodelistValue id="ISO19163-1.igd.IE_PMWScanningModeCode_LimbScanning">
                            <cat:identifier><gco:ScopedName codeSpace="https://standards.iso.org/19163/-1/1/clause#B.34">LimbScanning</gco:ScopedName></cat:identifier>
                            <cat:name><gco:ScopedName codeSpace="https://standards.iso.org/19163/-1/1/clause#B.34">LimbScanning</gco:ScopedName></cat:name>
                            <cat:definition><gco:CharacterString>LimbScanning</gco:CharacterString></cat:definition>
                            <cat:description><gco:CharacterString>LimbScanning</gco:CharacterString></cat:description>
                        </cat:CT_CodelistValue>
                    </cat:codeEntry>
                    <cat:codeEntry  uuidref="https://schemas.isotc211.org/Resources/codelists.xml#ISO19163-1.igd.IE_PMWScanningModeCode_SpiralScanning">
                        <cat:CT_CodelistValue id="ISO19163-1.igd.IE_PMWScanningModeCode_SpiralScanning">
                            <cat:identifier><gco:ScopedName codeSpace="https://standards.iso.org/19163/-1/1/clause#B.34">SpiralScanning</gco:ScopedName></cat:identifier>
                            <cat:name><gco:ScopedName codeSpace="https://standards.iso.org/19163/-1/1/clause#B.34">SpiralScanning</gco:ScopedName></cat:name>
                            <cat:definition><gco:CharacterString>SpiralScanning</gco:CharacterString></cat:definition>
                            <cat:description><gco:CharacterString>SpiralScanning</gco:CharacterString></cat:description>
                        </cat:CT_CodelistValue>
                    </cat:codeEntry>
                    <cat:codeEntry  uuidref="https://schemas.isotc211.org/Resources/codelists.xml#ISO19163-1.igd.IE_PMWScanningModeCode_WhiskbroomScanning">
                        <cat:CT_CodelistValue id="ISO19163-1.igd.IE_PMWScanningModeCode_WhiskbroomScanning">
                            <cat:identifier><gco:ScopedName codeSpace="https://standards.iso.org/19163/-1/1/clause#B.34">WhiskbroomScanning</gco:ScopedName></cat:identifier>
                            <cat:name><gco:ScopedName codeSpace="https://standards.iso.org/19163/-1/1/clause#B.34">WhiskbroomScanning</gco:ScopedName></cat:name>
                            <cat:definition><gco:CharacterString>WhiskbroomScanning</gco:CharacterString></cat:definition>
                            <cat:description><gco:CharacterString>WhiskbroomScanning</gco:CharacterString></cat:description>
                        </cat:CT_CodelistValue>
                    </cat:codeEntry>
                </cat:CT_Codelist>
            </cat:codelistItem>
            <!--   ............................................................................. -->
            <cat:codelistItem xlink:title="Code list items for IE_PMWBandNameCode from the Image and Gridded Data (igd) Namespace">
                <cat:CT_Codelist id="ISO19163-1.igd.IE_PMWBandNameCode">
                    <cat:identifier><gco:ScopedName codeSpace="https://standards.iso.org/19163/-1/1/clause#B.36">IE_PMWBandNameCode</gco:ScopedName></cat:identifier>
                    <cat:name><gco:ScopedName codeSpace="https://standards.iso.org/19163/-1/1/clause#B.36">IE_PMWBandNameCode</gco:ScopedName></cat:name>
                    <cat:definition><gco:CharacterString></gco:CharacterString></cat:definition>
                    <cat:description><gco:CharacterString></gco:CharacterString></cat:description>
                    <cat:codeEntry  uuidref="https://schemas.isotc211.org/Resources/codelists.xml#ISO19163-1.igd.IE_PMWBandNameCode_L_Band">
                        <cat:CT_CodelistValue id="ISO19163-1.igd.IE_PMWBandNameCode_L_Band">
                            <cat:identifier><gco:ScopedName codeSpace="https://standards.iso.org/19163/-1/1/clause#B.36">L_Band</gco:ScopedName></cat:identifier>
                            <cat:name><gco:ScopedName codeSpace="https://standards.iso.org/19163/-1/1/clause#B.36">L_Band</gco:ScopedName></cat:name>
                            <cat:definition><gco:CharacterString>L_Band</gco:CharacterString></cat:definition>
                            <cat:description><gco:CharacterString>L_Band</gco:CharacterString></cat:description>
                        </cat:CT_CodelistValue>
                    </cat:codeEntry>
                    <cat:codeEntry  uuidref="https://schemas.isotc211.org/Resources/codelists.xml#ISO19163-1.igd.IE_PMWBandNameCode_C_Band">
                        <cat:CT_CodelistValue id="ISO19163-1.igd.IE_PMWBandNameCode_C_Band">
                            <cat:identifier><gco:ScopedName codeSpace="https://standards.iso.org/19163/-1/1/clause#B.36">C_Band</gco:ScopedName></cat:identifier>
                            <cat:name><gco:ScopedName codeSpace="https://standards.iso.org/19163/-1/1/clause#B.36">C_Band</gco:ScopedName></cat:name>
                            <cat:definition><gco:CharacterString>C_Band</gco:CharacterString></cat:definition>
                            <cat:description><gco:CharacterString>C_Band</gco:CharacterString></cat:description>
                        </cat:CT_CodelistValue>
                    </cat:codeEntry>
                    <cat:codeEntry  uuidref="https://schemas.isotc211.org/Resources/codelists.xml#ISO19163-1.igd.IE_PMWBandNameCode_K_Band">
                        <cat:CT_CodelistValue id="ISO19163-1.igd.IE_PMWBandNameCode_K_Band">
                            <cat:identifier><gco:ScopedName codeSpace="https://standards.iso.org/19163/-1/1/clause#B.36">K_Band</gco:ScopedName></cat:identifier>
                            <cat:name><gco:ScopedName codeSpace="https://standards.iso.org/19163/-1/1/clause#B.36">K_Band</gco:ScopedName></cat:name>
                            <cat:definition><gco:CharacterString>K_Band</gco:CharacterString></cat:definition>
                            <cat:description><gco:CharacterString>K_Band</gco:CharacterString></cat:description>
                        </cat:CT_CodelistValue>
                    </cat:codeEntry>
                    <cat:codeEntry  uuidref="https://schemas.isotc211.org/Resources/codelists.xml#ISO19163-1.igd.IE_PMWBandNameCode_Ka_Band">
                        <cat:CT_CodelistValue id="ISO19163-1.igd.IE_PMWBandNameCode_Ka_Band">
                            <cat:identifier><gco:ScopedName codeSpace="https://standards.iso.org/19163/-1/1/clause#B.36">Ka_Band</gco:ScopedName></cat:identifier>
                            <cat:name><gco:ScopedName codeSpace="https://standards.iso.org/19163/-1/1/clause#B.36">Ka_Band</gco:ScopedName></cat:name>
                            <cat:definition><gco:CharacterString>Ka_Band</gco:CharacterString></cat:definition>
                            <cat:description><gco:CharacterString>Ka_Band</gco:CharacterString></cat:description>
                        </cat:CT_CodelistValue>
                    </cat:codeEntry>
                    <cat:codeEntry  uuidref="https://schemas.isotc211.org/Resources/codelists.xml#ISO19163-1.igd.IE_PMWBandNameCode_M_Band">
                        <cat:CT_CodelistValue id="ISO19163-1.igd.IE_PMWBandNameCode_M_Band">
                            <cat:identifier><gco:ScopedName codeSpace="https://standards.iso.org/19163/-1/1/clause#B.36">M_Band</gco:ScopedName></cat:identifier>
                            <cat:name><gco:ScopedName codeSpace="https://standards.iso.org/19163/-1/1/clause#B.36">M_Band</gco:ScopedName></cat:name>
                            <cat:definition><gco:CharacterString>M_Band</gco:CharacterString></cat:definition>
                            <cat:description><gco:CharacterString>M_Band</gco:CharacterString></cat:description>
                        </cat:CT_CodelistValue>
                    </cat:codeEntry>
                    <cat:codeEntry  uuidref="https://schemas.isotc211.org/Resources/codelists.xml#ISO19163-1.igd.IE_PMWBandNameCode_G_Band">
                        <cat:CT_CodelistValue id="ISO19163-1.igd.IE_PMWBandNameCode_G_Band">
                            <cat:identifier><gco:ScopedName codeSpace="https://standards.iso.org/19163/-1/1/clause#B.36">G_Band</gco:ScopedName></cat:identifier>
                            <cat:name><gco:ScopedName codeSpace="https://standards.iso.org/19163/-1/1/clause#B.36">G_Band</gco:ScopedName></cat:name>
                            <cat:definition><gco:CharacterString>G_Band</gco:CharacterString></cat:definition>
                            <cat:description><gco:CharacterString>G_Band</gco:CharacterString></cat:description>
                        </cat:CT_CodelistValue>
                    </cat:codeEntry>
                </cat:CT_Codelist>
            </cat:codelistItem>
            <!--   ............................................................................. -->
            <cat:codelistItem xlink:title="Code list items for IE_PMWApertureTypeCode from the Image and Gridded Data (igd) Namespace">
                <cat:CT_Codelist id="ISO19163-1.igd.IE_PMWApertureTypeCode">
                    <cat:identifier><gco:ScopedName codeSpace="https://standards.iso.org/19163/-1/1/clause#B.35">IE_PMWApertureTypeCode</gco:ScopedName></cat:identifier>
                    <cat:name><gco:ScopedName codeSpace="https://standards.iso.org/19163/-1/1/clause#B.35">IE_PMWApertureTypeCode</gco:ScopedName></cat:name>
                    <cat:definition><gco:CharacterString></gco:CharacterString></cat:definition>
                    <cat:description><gco:CharacterString></gco:CharacterString></cat:description>
                    <cat:codeEntry  uuidref="https://schemas.isotc211.org/Resources/codelists.xml#ISO19163-1.igd.IE_PMWApertureTypeCode_RealAperture">
                        <cat:CT_CodelistValue id="ISO19163-1.igd.IE_PMWApertureTypeCode_RealAperture">
                            <cat:identifier><gco:ScopedName codeSpace="https://standards.iso.org/19163/-1/1/clause#B.35">RealAperture</gco:ScopedName></cat:identifier>
                            <cat:name><gco:ScopedName codeSpace="https://standards.iso.org/19163/-1/1/clause#B.35">RealAperture</gco:ScopedName></cat:name>
                            <cat:definition><gco:CharacterString>RealAperture</gco:CharacterString></cat:definition>
                            <cat:description><gco:CharacterString>RealAperture</gco:CharacterString></cat:description>
                        </cat:CT_CodelistValue>
                    </cat:codeEntry>
                    <cat:codeEntry  uuidref="https://schemas.isotc211.org/Resources/codelists.xml#ISO19163-1.igd.IE_PMWApertureTypeCode_SyntheticAperture">
                        <cat:CT_CodelistValue id="ISO19163-1.igd.IE_PMWApertureTypeCode_SyntheticAperture">
                            <cat:identifier><gco:ScopedName codeSpace="https://standards.iso.org/19163/-1/1/clause#B.35">SyntheticAperture</gco:ScopedName></cat:identifier>
                            <cat:name><gco:ScopedName codeSpace="https://standards.iso.org/19163/-1/1/clause#B.35">SyntheticAperture</gco:ScopedName></cat:name>
                            <cat:definition><gco:CharacterString>SyntheticAperture</gco:CharacterString></cat:definition>
                            <cat:description><gco:CharacterString>SyntheticAperture</gco:CharacterString></cat:description>
                        </cat:CT_CodelistValue>
                    </cat:codeEntry>
                </cat:CT_Codelist>
            </cat:codelistItem>
            <!--   ............................................................................. -->
            <cat:codelistItem xlink:title="Code list items for IE_ChannelPropertyCode from the Image and Gridded Data (igd) Namespace">
                <cat:CT_Codelist id="ISO19163-1.igd.IE_ChannelPropertyCode">
                    <cat:identifier><gco:ScopedName codeSpace="https://standards.iso.org/19163/-1/1/clause#B.37">IE_ChannelPropertyCode</gco:ScopedName></cat:identifier>
                    <cat:name><gco:ScopedName codeSpace="https://standards.iso.org/19163/-1/1/clause#B.37">IE_ChannelPropertyCode</gco:ScopedName></cat:name>
                    <cat:definition><gco:CharacterString></gco:CharacterString></cat:definition>
                    <cat:description><gco:CharacterString></gco:CharacterString></cat:description>
                    <cat:codeEntry  uuidref="https://schemas.isotc211.org/Resources/codelists.xml#ISO19163-1.igd.IE_ChannelPropertyCode_OxygenAbsorptionChannel">
                        <cat:CT_CodelistValue id="ISO19163-1.igd.IE_ChannelPropertyCode_OxygenAbsorptionChannel">
                            <cat:identifier><gco:ScopedName codeSpace="https://standards.iso.org/19163/-1/1/clause#B.37">OxygenAbsorptionChannel</gco:ScopedName></cat:identifier>
                            <cat:name><gco:ScopedName codeSpace="https://standards.iso.org/19163/-1/1/clause#B.37">OxygenAbsorptionChannel</gco:ScopedName></cat:name>
                            <cat:definition><gco:CharacterString>OxygenAbsorptionChannel</gco:CharacterString></cat:definition>
                            <cat:description><gco:CharacterString>OxygenAbsorptionChannel</gco:CharacterString></cat:description>
                        </cat:CT_CodelistValue>
                    </cat:codeEntry>
                    <cat:codeEntry  uuidref="https://schemas.isotc211.org/Resources/codelists.xml#ISO19163-1.igd.IE_ChannelPropertyCode_WaterVapourAbsorptionChannel">
                        <cat:CT_CodelistValue id="ISO19163-1.igd.IE_ChannelPropertyCode_WaterVapourAbsorptionChannel">
                            <cat:identifier><gco:ScopedName codeSpace="https://standards.iso.org/19163/-1/1/clause#B.37">WaterVapourAbsorptionChannel</gco:ScopedName></cat:identifier>
                            <cat:name><gco:ScopedName codeSpace="https://standards.iso.org/19163/-1/1/clause#B.37">WaterVapourAbsorptionChannel</gco:ScopedName></cat:name>
                            <cat:definition><gco:CharacterString>WaterVapourAbsorptionChannel</gco:CharacterString></cat:definition>
                            <cat:description><gco:CharacterString>WaterVapourAbsorptionChannel</gco:CharacterString></cat:description>
                        </cat:CT_CodelistValue>
                    </cat:codeEntry>
                    <cat:codeEntry  uuidref="https://schemas.isotc211.org/Resources/codelists.xml#ISO19163-1.igd.IE_ChannelPropertyCode_OzoneAbsorptionChannel">
                        <cat:CT_CodelistValue id="ISO19163-1.igd.IE_ChannelPropertyCode_OzoneAbsorptionChannel">
                            <cat:identifier><gco:ScopedName codeSpace="https://standards.iso.org/19163/-1/1/clause#B.37">OzoneAbsorptionChannel</gco:ScopedName></cat:identifier>
                            <cat:name><gco:ScopedName codeSpace="https://standards.iso.org/19163/-1/1/clause#B.37">OzoneAbsorptionChannel</gco:ScopedName></cat:name>
                            <cat:definition><gco:CharacterString>OzoneAbsorptionChannel</gco:CharacterString></cat:definition>
                            <cat:description><gco:CharacterString>OzoneAbsorptionChannel</gco:CharacterString></cat:description>
                        </cat:CT_CodelistValue>
                    </cat:codeEntry>
                    <cat:codeEntry  uuidref="https://schemas.isotc211.org/Resources/codelists.xml#ISO19163-1.igd.IE_ChannelPropertyCode_WindowChannel">
                        <cat:CT_CodelistValue id="ISO19163-1.igd.IE_ChannelPropertyCode_WindowChannel">
                            <cat:identifier><gco:ScopedName codeSpace="https://standards.iso.org/19163/-1/1/clause#B.37">WindowChannel</gco:ScopedName></cat:identifier>
                            <cat:name><gco:ScopedName codeSpace="https://standards.iso.org/19163/-1/1/clause#B.37">WindowChannel</gco:ScopedName></cat:name>
                            <cat:definition><gco:CharacterString>WindowChannel</gco:CharacterString></cat:definition>
                            <cat:description><gco:CharacterString>WindowChannel</gco:CharacterString></cat:description>
                        </cat:CT_CodelistValue>
                    </cat:codeEntry>
                    <cat:codeEntry  uuidref="https://schemas.isotc211.org/Resources/codelists.xml#ISO19163-1.igd.IE_ChannelPropertyCode_TraceGasAbsorptionChannel">
                        <cat:CT_CodelistValue id="ISO19163-1.igd.IE_ChannelPropertyCode_TraceGasAbsorptionChannel">
                            <cat:identifier><gco:ScopedName codeSpace="https://standards.iso.org/19163/-1/1/clause#B.37">TraceGasAbsorptionChannel</gco:ScopedName></cat:identifier>
                            <cat:name><gco:ScopedName codeSpace="https://standards.iso.org/19163/-1/1/clause#B.37">TraceGasAbsorptionChannel</gco:ScopedName></cat:name>
                            <cat:definition><gco:CharacterString>TraceGasAbsorptionChannel</gco:CharacterString></cat:definition>
                            <cat:description><gco:CharacterString>WindowCTraceGasAbsorptionChannelhannel</gco:CharacterString></cat:description>
                        </cat:CT_CodelistValue>
                    </cat:codeEntry>
                </cat:CT_Codelist>
            </cat:codelistItem>
            <!--   ............................................................................. -->
            <!--
      <xs:simpleType name="CV_CommonPointRule_Type">
            <cat:identifier value="average"/>
            <cat:identifier value="low"/>
            <cat:identifier value="high"/>
            <cat:identifier value="all"/>
            <cat:identifier value="start"/>
            <cat:identifier value="end"/>
    </xs:simpleType>
    <xs:simpleType name="CV_InterpolationMethod">
            <cat:identifier value="nearestneighbor"/>
            <cat:identifier value="linear"/>
            <cat:identifier value="quadratic"/>
            <cat:identifier value="cubic"/>
            <cat:identifier value="bilinear"/>
            <cat:identifier value="biquadratic"/>
            <cat:identifier value="bicubic"/>
            <cat:identifier value="lostarea"/>
            <cat:identifier value="barycentric"/>
 -->
        </cat:CT_CodelistCatalogue>
    </cat:subCatalogue>
    <cat:codelistItem gco:nilReason="inapplicable"/>
    <!--   ============================================================================== -->
        </cat:CT_CodelistCatalogue>
    </cat:subCatalogue>
    <cat:codelistItem gco:nilReason="inapplicable"/>
</cat:CT_CodelistCatalogue>
