<?xml version="1.0" encoding="UTF-8"?>
<cat:CT_CodelistCatalogue xmlns:xsi="http://www.w3.org/2001/XMLSchema-instance"
	xsi:schemaLocation="https://schemas.isotc211.org/19139/-/cat/1.2 ../19139/-/cat/1.2.0/cat.xsd
	https://schemas.isotc211.org/19103/-/gco/1.2 ../19103/-/gco/1.2.0/gco.xsd
	https://schemas.isotc211.org/19115/-1/lan/1.3 ../19115/-1/lan/1.3.0/lan.xsd
	http://www.opengis.net/gml/3.2 http://schemas.opengis.net/gml/3.2.1/gml.xsd"
	xmlns:cat="https://schemas.isotc211.org/19139/-/cat/1.2"
	xmlns:gco="https://schemas.isotc211.org/19103/-/gco/1.2"
	xmlns:xlink="http://www.w3.org/1999/xlink"
	xmlns:lan="https://schemas.isotc211.org/19115/-1/lan/1.3"
	xmlns:gml="http://www.opengis.net/gml/3.2">
	<!--=====Catalogue description=====-->
	<cat:name>
		<gco:CharacterString>Codelists from the ISO / TC211 Standards</gco:CharacterString>
	</cat:name>
	<cat:scope>
		<gco:CharacterString>Codelists related to ISO / TC211 Standards</gco:CharacterString>
	</cat:scope>
	<cat:fieldOfApplication>
		<gco:CharacterString>ISO TC211 Standards</gco:CharacterString>
	</cat:fieldOfApplication>
	<cat:versionNumber>
		<gco:CharacterString>1.1</gco:CharacterString>
	</cat:versionNumber>
	<cat:versionDate>
		<gco:Date>2021-03-05</gco:Date>
	</cat:versionDate>
	<cat:locale>
		<lan:PT_Locale>
			<lan:language>
				<lan:LanguageCode
					codeList="https://standards.iso.org/19115/-1/1/clause#B.3.11"
					codeListValue="eng">eng</lan:LanguageCode>
			</lan:language>
			<lan:characterEncoding>
				<lan:MD_CharacterSetCode
					codeList="https://standards.iso.org/19115/-1/1/clause#B.3.14"
					codeListValue="UTF-8">UTF-8</lan:MD_CharacterSetCode>
			</lan:characterEncoding>
		</lan:PT_Locale>
	</cat:locale>
	<!--........................................................................................................ -->
	<!--........................................................................................................ -->
<!--........................................................................................................ -->
<!--........................................................................................................ -->
	<!--........................................................................................................ -->
	<!--........................................................................................................ -->
	<!--........................................................................................................ -->
	<!--........................................................................................................ -->
	<!--........................................................................................................ -->
	<!--........................................................................................................ -->
	<!--........................................................................................................ -->
	<!--........................................................................................................ -->
	<xs:simpleType name="IE_ProcessingActionCode_Type">
		<xs:restriction base="xs:string">
			<xs:enumeration value="ImageEnhancement"/>
			<xs:enumeration value="ImageFusion"/>
			<xs:enumeration value="ImageSmoothing"/>
		</xs:restriction>
	</xs:simpleType>
	<!--........................................................................................................ -->
	<xs:simpleType name="IE_RadiometricCalibrationTypeCode_Type">
		<xs:restriction base="xs:string">
			<xs:enumeration value="AbsoluteRadiometricCalibration"/>
			<xs:enumeration value="RelativeRadiometricCalibration"/>
		</xs:restriction>
	</xs:simpleType>
	<!-- ........................................................................................................ -->
	<xs:simpleType name="IE_OpticalImageTypeCode_Type">
		<xs:restriction base="xs:string">
			<xs:enumeration value="HyperspectialImage"/>
			<xs:enumeration value="InfraredImage"/>
			<xs:enumeration value="MultispectralImage"/>
			<xs:enumeration value="PanchromaticImage"/>
			<xs:enumeration value="Other"/>
		</xs:restriction>
	</xs:simpleType>
	<!-- ........................................................................................................ -->
	<xs:simpleType name="IE_OpticalSensorTypeCode_Type">
		<xs:restriction base="xs:string">
			<xs:enumeration value="Frame"/>
			<xs:enumeration value="Pushbroom"/>
			<xs:enumeration value="Whiskbroom"/>
			<xs:enumeration value="Other"/>
		</xs:restriction>
	</xs:simpleType>
	<!--........................................................................................................ -->
	<xs:simpleType name="IE_SARImagingModeCode_Type">
		<xs:restriction base="xs:string">
			<xs:enumeration value="SpotlightMode"/>
			<xs:enumeration value="StripmapMode"/>
			<xs:enumeration value="other"/>
		</xs:restriction>
	</xs:simpleType>
	<!--........................................................................................................ -->
	<xs:simpleType name="IE_SARComplexLayerCode_Type">
		<xs:restriction base="xs:string">
			<xs:enumeration value="ComplexNumber"/>
			<xs:enumeration value="RealNumber"/>
			<xs:enumeration value="ImaginaryNumber"/>
			<xs:enumeration value="Phase"/>
			<xs:enumeration value="Magnitude"/>
		</xs:restriction>
	</xs:simpleType>
	<!--........................................................................................................ -->
	<xs:simpleType name="IE_PMWScanningModeCode_Type">
		<xs:restriction base="xs:string">
			<xs:enumeration value="ConicalScanning"/>
			<xs:enumeration value="CrosstrackScanning"/>
			<xs:enumeration value="LimbScanning"/>
			<xs:enumeration value="SpiralScanning"/>
			<xs:enumeration value="WhiskbroomScanning"/>
		</xs:restriction>
	</xs:simpleType>
	<!--........................................................................................................ -->
	<xs:simpleType name="IE_PMWBandNameCode_Type">
		<xs:restriction base="xs:string">
			<xs:enumeration value="L-Band"/>
			<xs:enumeration value="C-Band"/>
			<xs:enumeration value="K-Band"/>
			<xs:enumeration value="Ka-Band"/>
			<xs:enumeration value="M-Band"/>
			<xs:enumeration value="G-Band"/>
		</xs:restriction>
	</xs:simpleType>
	<!--........................................................................................................ -->
	<xs:simpleType name="IE_PMWApertureTypeCode_Type">
		<xs:restriction base="xs:string">
			<xs:enumeration value="RealAperture"/>
			<xs:enumeration value="SyntheticAperture"/>
		</xs:restriction>
	</xs:simpleType>
	<!--........................................................................................................ -->
	<xs:simpleType name="IE_ChannelPropertyCode_Type">
		<xs:restriction base="xs:string">
			<xs:enumeration value="OxygenAbsorptionChannel"/>
			<xs:enumeration value="WaterVapourAbsorptionChannel"/>
			<xs:enumeration value="OzoneAbsorptionChannel"/>
			<xs:enumeration value="WindowChannel"/>
			<xs:enumeration value="TraceGasAbsorptionChannel"/>
		</xs:restriction>
	</xs:simpleType>
	</cat:CT_CodelistCatalogue>
