<?xml version="1.0" encoding="UTF-8"?>
<cat:CT_CodelistCatalogue xmlns:xsi="http://www.w3.org/2001/XMLSchema-instance"
    xsi:schemaLocation="https://schemas.isotc211.org/19139/-/cat/1.2 ../19139/-/cat/1.2.0/cat.xsd
    https://schemas.isotc211.org/19103/-/gco/1.2 ../19103/-/gco/1.2.0/gco.xsd
    http://www.opengis.net/gml/3.2 http://schemas.opengis.net/gml/3.2.1/gml.xsd"
    xmlns:cat="https://schemas.isotc211.org/19139/-/cat/1.2"
    xmlns:gco="https://schemas.isotc211.org/19103/-/gco/1.2"
    xmlns:xlink="http://www.w3.org/1999/xlink"
    xmlns:lan="https://schemas.isotc211.org/19115/-1/lan/1.3"
    xmlns:gml="http://www.opengis.net/gml/3.2">
    <!--=====Catalogue description=====-->
    <cat:name><gco:CharacterString>Codelists from the ISO / TC211 Standards</gco:CharacterString></cat:name>
    <cat:scope><gco:CharacterString>Codelists related to ISO / TC211 Standards</gco:CharacterString></cat:scope>
    <cat:fieldOfApplication><gco:CharacterString>ISO TC211 Standards</gco:CharacterString></cat:fieldOfApplication>
    <cat:versionNumber><gco:CharacterString>1.1</gco:CharacterString></cat:versionNumber>
    <cat:versionDate><gco:Date>2021-03-05</gco:Date></cat:versionDate>
    <cat:locale>
        <lan:PT_Locale>
            <lan:language>
                <lan:LanguageCode
                    codeList="https://standards.iso.org/19115/-1/1/clause#B.3.11"
                    codeListValue="eng">eng</lan:LanguageCode>
            </lan:language>
            <lan:characterEncoding>
                <lan:MD_CharacterSetCode
                    codeList="https://standards.iso.org/19115/-1/1/clause#B.3.14"
                    codeListValue="UTF-8">UTF-8</lan:MD_CharacterSetCode>
            </lan:characterEncoding>
        </lan:PT_Locale>
    </cat:locale>
    <!--   ============================================================================== -->
    <cat:subCatalogue xlink:title="Codelists from the Image and Gridded Data (igd) Namespace">
        <cat:CT_CodelistCatalogue id="ISO19163-1.igd">
            <cat:name><gco:CharacterString>Codelists from the Image and Gridded Data (igd) Namespace</gco:CharacterString></cat:name>
            <cat:scope><gco:CharacterString>Codelists related to Image and Gridded Data (igd) Namespace</gco:CharacterString></cat:scope>
            <cat:fieldOfApplication><gco:CharacterString>ISO TC211 Metadata Standards</gco:CharacterString></cat:fieldOfApplication>
            <cat:versionNumber><gco:CharacterString>1.1</gco:CharacterString></cat:versionNumber>
            <cat:versionDate><gco:Date>2021-03-05</gco:Date></cat:versionDate>
            <cat:locale><lan:PT_Locale>
                <lan:language><lan:LanguageCode
                    codeList="https://standards.iso.org/19115/-1/1/clause#LanguageCode"
                    codeListValue="eng">eng</lan:LanguageCode></lan:language>
                <lan:characterEncoding><lan:MD_CharacterSetCode
                    codeList="https://standards.iso.org/19115/-1/1/clause#MD_CharacterSetCode"
                    codeListValue="UTF-8">UTF-8</lan:MD_CharacterSetCode></lan:characterEncoding>
            </lan:PT_Locale></cat:locale>
            <!--   ............................................................................. -->
            <cat:codelistItem xlink:title="Code list items for GeometricCorrectionModel from the Image and Gridded Data (igd) Namespace">
                <cat:CT_Codelist id="ISO19163-1.igd.IE_GeometricCorrectionModelCode">
                    <cat:identifier><gco:ScopedName codeSpace="https://standards.iso.org/19115/-1/1/clause#B.27">IE_GeometricCorrectionModelCode</gco:ScopedName></cat:identifier>
                    <cat:name><gco:ScopedName codeSpace="https://standards.iso.org/19115/-1/1/clause#B.27">IE_GeometricCorrectionModelCode</gco:ScopedName></cat:name>
                    <cat:definition><gco:CharacterString></gco:CharacterString></cat:definition>
                    <cat:description><gco:CharacterString></gco:CharacterString></cat:description>
                    <cat:codeEntry  uuidref="https://schemas.isotc211.org/Resources/codelists.xml#ISO19163-1.igd.IE_GeometricCorrectionModelCode_CorrespondenceModel">
                        <cat:CT_CodelistValue id="ISO19163-1.igd.IE_GeometricCorrectionModelCode_CorrespondenceModel">
                            <cat:identifier><gco:ScopedName codeSpace="https://standards.iso.org/19163/-1/1/clause#B.27">CorrespondenceModel</gco:ScopedName></cat:identifier>
                            <cat:name><gco:ScopedName codeSpace="https://standards.iso.org/19163/-1/1/clause#B.27">CorrespondenceModel</gco:ScopedName></cat:name>
                            <cat:definition><gco:CharacterString>CorrespondenceModel</gco:CharacterString></cat:definition>
                            <cat:description><gco:CharacterString>CorrespondenceModel</gco:CharacterString></cat:description>
                        </cat:CT_CodelistValue>
                    </cat:codeEntry>
                    <cat:codeEntry  uuidref="https://schemas.isotc211.org/Resources/codelists.xml#ISO19163-1.igd.IE_GeometricCorrectionModelCode_PhysicalSensorModel">
                        <cat:CT_CodelistValue id="ISO19163-1.igd.IE_GeometricCorrectionModelCode_PhysicalSensorModel">
                            <cat:identifier><gco:ScopedName codeSpace="https://standards.iso.org/19163/-1/1/clause#B.27">PhysicalSensorModel</gco:ScopedName></cat:identifier>
                            <cat:name><gco:ScopedName codeSpace="https://standards.iso.org/19163/-1/1/clause#B.27">PhysicalSensorModel</gco:ScopedName></cat:name>
                            <cat:definition><gco:CharacterString>PhysicalSensorModel</gco:CharacterString></cat:definition>
                            <cat:description><gco:CharacterString>PhysicalSensorModel</gco:CharacterString></cat:description>
                        </cat:CT_CodelistValue>
                    </cat:codeEntry>
                    <cat:codeEntry  uuidref="https://schemas.isotc211.org/Resources/codelists.xml#ISO19163-1.igd.IE_GeometricCorrectionModelCode_TrueReplacementModel">
                        <cat:CT_CodelistValue id="ISO19163-1.igd.IE_GeometricCorrectionModelCode_TrueReplacementModel">
                            <cat:identifier><gco:ScopedName codeSpace="https://standards.iso.org/19163/-1/1/clause#B.27">TrueReplacementModel</gco:ScopedName></cat:identifier>
                            <cat:name><gco:ScopedName codeSpace="https://standards.iso.org/19163/-1/1/clause#B.27">TrueReplacementModel</gco:ScopedName></cat:name>
                            <cat:definition><gco:CharacterString>TrueReplacementModel</gco:CharacterString></cat:definition>
                            <cat:description><gco:CharacterString>TrueReplacementModel</gco:CharacterString></cat:description>
                        </cat:CT_CodelistValue>
                    </cat:codeEntry>
                </cat:CT_Codelist>
            </cat:codelistItem>
            <!--   ............................................................................. -->
            <cat:codelistItem xlink:title="Code list items for IE_GeolocationSourceCode from the Image and Gridded Data (igd) Namespace">
                <cat:CT_Codelist id="ISO19163-1.igd.IE_GeolocationSourceCode">
                    <cat:identifier><gco:ScopedName codeSpace="https://standards.iso.org/19115/-1/1/clause#B.26">IE_GeolocationSourceCode</gco:ScopedName></cat:identifier>
                    <cat:name><gco:ScopedName codeSpace="https://standards.iso.org/19115/-1/1/clause#B.26">IE_GeolocationSourceCode</gco:ScopedName></cat:name>
                    <cat:definition><gco:CharacterString></gco:CharacterString></cat:definition>
                    <cat:description><gco:CharacterString></gco:CharacterString></cat:description>
                    <cat:codeEntry  uuidref="https://schemas.isotc211.org/Resources/codelists.xml#ISO19163-1.igd.IE_GeolocationSourceCode_DEM">
                        <cat:CT_CodelistValue id="ISO19163-1.igd.IE_GeolocationSourceCode_DEM">
                            <cat:identifier><gco:ScopedName codeSpace="https://standards.iso.org/19163/-1/1/clause#B.26">DEM</gco:ScopedName></cat:identifier>
                            <cat:name><gco:ScopedName codeSpace="https://standards.iso.org/19163/-1/1/clause#B.26">DEM</gco:ScopedName></cat:name>
                            <cat:definition><gco:CharacterString>DEM</gco:CharacterString></cat:definition>
                            <cat:description><gco:CharacterString>DEM</gco:CharacterString></cat:description>
                        </cat:CT_CodelistValue>
                    </cat:codeEntry>
                    <cat:codeEntry  uuidref="https://schemas.isotc211.org/Resources/codelists.xml#ISO19163-1.igd.IE_GeolocationSourceCode_GCP">
                        <cat:CT_CodelistValue id="ISO19163-1.igd.IE_GeolocationSourceCode_GCP">
                            <cat:identifier><gco:ScopedName codeSpace="https://standards.iso.org/19163/-1/1/clause#B.26">GCP</gco:ScopedName></cat:identifier>
                            <cat:name><gco:ScopedName codeSpace="https://standards.iso.org/19163/-1/1/clause#B.26">GCP</gco:ScopedName></cat:name>
                            <cat:definition><gco:CharacterString>GCP</gco:CharacterString></cat:definition>
                            <cat:description><gco:CharacterString>GCP</gco:CharacterString></cat:description>
                        </cat:CT_CodelistValue>
                    </cat:codeEntry>
                    <cat:codeEntry  uuidref="https://schemas.isotc211.org/Resources/codelists.xml#ISO19163-1.igd.IE_GeolocationSourceCode_SystemParameters">
                        <cat:CT_CodelistValue id="ISO19163-1.igd.IE_GeolocationSourceCode_SystemParameters">
                            <cat:identifier><gco:ScopedName codeSpace="https://standards.iso.org/19163/-1/1/clause#B.26">SystemParameters</gco:ScopedName></cat:identifier>
                            <cat:name><gco:ScopedName codeSpace="https://standards.iso.org/19163/-1/1/clause#B.26">SystemParameters</gco:ScopedName></cat:name>
                            <cat:definition><gco:CharacterString>SystemParameters</gco:CharacterString></cat:definition>
                            <cat:description><gco:CharacterString>SystemParameters</gco:CharacterString></cat:description>
                        </cat:CT_CodelistValue>
                    </cat:codeEntry>
                    <cat:codeEntry  uuidref="https://schemas.isotc211.org/Resources/codelists.xml#ISO19163-1.igd.IE_GeolocationSourceCode_SystemParametersPlusDEM">
                        <cat:CT_CodelistValue id="ISO19163-1.igd.IE_GeolocationSourceCode_SystemParametersPlusDEM">
                            <cat:identifier><gco:ScopedName codeSpace="https://standards.iso.org/19163/-1/1/clause#B.26">SystemParameters+DEM</gco:ScopedName></cat:identifier>
                            <cat:name><gco:ScopedName codeSpace="https://standards.iso.org/19163/-1/1/clause#B.26">SystemParameters+DEM</gco:ScopedName></cat:name>
                            <cat:definition><gco:CharacterString>SystemParameters+DEM</gco:CharacterString></cat:definition>
                            <cat:description><gco:CharacterString>SystemParameters+DEM</gco:CharacterString></cat:description>
                        </cat:CT_CodelistValue>
                    </cat:codeEntry>
                    <cat:codeEntry  uuidref="https://schemas.isotc211.org/Resources/codelists.xml#ISO19163-1.igd.IE_GeolocationSourceCode_SystemParametersPlusGCP">
                        <cat:CT_CodelistValue id="ISO19163-1.igd.IE_GeolocationSourceCode_SystemParametersPlusGCP">
                            <cat:identifier><gco:ScopedName codeSpace="https://standards.iso.org/19163/-1/1/clause#B.26">SystemParameters+GCP</gco:ScopedName></cat:identifier>
                            <cat:name><gco:ScopedName codeSpace="https://standards.iso.org/19163/-1/1/clause#B.26">SystemParameters+GCP</gco:ScopedName></cat:name>
                            <cat:definition><gco:CharacterString>SystemParameters+GCP</gco:CharacterString></cat:definition>
                            <cat:description><gco:CharacterString>SystemParameters+GCP</gco:CharacterString></cat:description>
                        </cat:CT_CodelistValue>
                    </cat:codeEntry>
                    <cat:codeEntry  uuidref="https://schemas.isotc211.org/Resources/codelists.xml#ISO19163-1.igd.IE_GeolocationSourceCode_SystemParametersPlusGCPPlusDEM">
                        <cat:CT_CodelistValue id="ISO19163-1.igd.IE_GeolocationSourceCode_SystemParametersPlusGCPPlusDEM">
                            <cat:identifier><gco:ScopedName codeSpace="https://standards.iso.org/19163/-1/1/clause#B.26">SystemParameters+GCP+DEM</gco:ScopedName></cat:identifier>
                            <cat:name><gco:ScopedName codeSpace="https://standards.iso.org/19163/-1/1/clause#B.26">SystemParameters+GCP+DEM</gco:ScopedName></cat:name>
                            <cat:definition><gco:CharacterString>SystemParameters+GCP+DEM</gco:CharacterString></cat:definition>
                            <cat:description><gco:CharacterString>SystemParameters+GCP+DEM</gco:CharacterString></cat:description>
                        </cat:CT_CodelistValue>
                    </cat:codeEntry>
                    <cat:codeEntry  uuidref="https://schemas.isotc211.org/Resources/codelists.xml#ISO19163-1.igd.IE_GeolocationSourceCode_GCPPlusDEM">
                        <cat:CT_CodelistValue id="ISO19163-1.igd.IE_GeolocationSourceCode_GCPPlusDEM">
                            <cat:identifier><gco:ScopedName codeSpace="https://standards.iso.org/19163/-1/1/clause#B.26">GCP+DEM</gco:ScopedName></cat:identifier>
                            <cat:name><gco:ScopedName codeSpace="https://standards.iso.org/19163/-1/1/clause#B.26">GCP+DEM</gco:ScopedName></cat:name>
                            <cat:definition><gco:CharacterString>GCP+DEM</gco:CharacterString></cat:definition>
                            <cat:description><gco:CharacterString>GCP+DEM</gco:CharacterString></cat:description>
                        </cat:CT_CodelistValue>
                    </cat:codeEntry>
                </cat:CT_Codelist>
            </cat:codelistItem>
            <!--   ............................................................................. -->
            <cat:codelistItem xlink:title="Code list items for IE_ProcessingActionCode from the Image and Gridded Data (igd) Namespace">
                <cat:CT_Codelist id="ISO19163-1.igd.IE_ProcessingActionCode">
                    <cat:identifier><gco:ScopedName codeSpace="https://standards.iso.org/19115/-1/1/clause#B.29">IE_ProcessingActionCode</gco:ScopedName></cat:identifier>
                    <cat:name><gco:ScopedName codeSpace="https://standards.iso.org/19115/-1/1/clause#B.29">IE_ProcessingActionCode</gco:ScopedName></cat:name>
                    <cat:definition><gco:CharacterString></gco:CharacterString></cat:definition>
                    <cat:description><gco:CharacterString></gco:CharacterString></cat:description>
                    <cat:codeEntry  uuidref="https://schemas.isotc211.org/Resources/codelists.xml#ISO19163-1.igd.IE_ProcessingActionCode_ImageEnhancement">
                        <cat:CT_CodelistValue id="ISO19163-1.igd.IE_ProcessingActionCode_ImageEnhancement">
                            <cat:identifier><gco:ScopedName codeSpace="https://standards.iso.org/19163/-1/1/clause#B.29">ImageEnhancement</gco:ScopedName></cat:identifier>
                            <cat:name><gco:ScopedName codeSpace="https://standards.iso.org/19163/-1/1/clause#B.29">ImageEnhancement</gco:ScopedName></cat:name>
                            <cat:definition><gco:CharacterString>ImageEnhancement</gco:CharacterString></cat:definition>
                            <cat:description><gco:CharacterString>ImageEnhancement</gco:CharacterString></cat:description>
                        </cat:CT_CodelistValue>
                    </cat:codeEntry>
                    <cat:codeEntry  uuidref="https://schemas.isotc211.org/Resources/codelists.xml#ISO19163-1.igd.IE_ProcessingActionCode_ImageFusion">
                        <cat:CT_CodelistValue id="ISO19163-1.igd.IE_ProcessingActionCode_ImageFusion">
                            <cat:identifier><gco:ScopedName codeSpace="https://standards.iso.org/19163/-1/1/clause#B.29">ImageFusion</gco:ScopedName></cat:identifier>
                            <cat:name><gco:ScopedName codeSpace="https://standards.iso.org/19163/-1/1/clause#B.29">ImageFusion</gco:ScopedName></cat:name>
                            <cat:definition><gco:CharacterString>ImageFusion</gco:CharacterString></cat:definition>
                            <cat:description><gco:CharacterString>ImageFusion</gco:CharacterString></cat:description>
                        </cat:CT_CodelistValue>
                    </cat:codeEntry>
                    <cat:codeEntry  uuidref="https://schemas.isotc211.org/Resources/codelists.xml#ISO19163-1.igd.IE_ProcessingActionCode_ImageSmoothing">
                        <cat:CT_CodelistValue id="ISO19163-1.igd.IE_ProcessingActionCode_ImageSmoothing">
                            <cat:identifier><gco:ScopedName codeSpace="https://standards.iso.org/19163/-1/1/clause#B.29">ImageSmoothing</gco:ScopedName></cat:identifier>
                            <cat:name><gco:ScopedName codeSpace="https://standards.iso.org/19163/-1/1/clause#B.29">ImageSmoothing</gco:ScopedName></cat:name>
                            <cat:definition><gco:CharacterString>ImageSmoothing</gco:CharacterString></cat:definition>
                            <cat:description><gco:CharacterString>ImageSmoothing</gco:CharacterString></cat:description>
                        </cat:CT_CodelistValue>
                    </cat:codeEntry>
                </cat:CT_Codelist>
            </cat:codelistItem>
            <!--   ............................................................................. -->
            <cat:codelistItem xlink:title="Code list items for IE_RadiometricCalibrationTypeCode from the Image and Gridded Data (igd) Namespace">
                <cat:CT_Codelist id="ISO19163-1.igd.IE_RadiometricCalibrationTypeCode">
                    <cat:identifier><gco:ScopedName codeSpace="https://standards.iso.org/19115/-1/1/clause#B.28">IE_RadiometricCalibrationTypeCode</gco:ScopedName></cat:identifier>
                    <cat:name><gco:ScopedName codeSpace="https://standards.iso.org/19115/-1/1/clause#B.28">IE_RadiometricCalibrationTypeCode</gco:ScopedName></cat:name>
                    <cat:definition><gco:CharacterString></gco:CharacterString></cat:definition>
                    <cat:description><gco:CharacterString></gco:CharacterString></cat:description>
                    <cat:codeEntry  uuidref="https://schemas.isotc211.org/Resources/codelists.xml#ISO19163-1.igd.IE_RadiometricCalibrationTypeCode_AbsoluteRadiometricCalibration">
                        <cat:CT_CodelistValue id="ISO19163-1.igd.IE_RadiometricCalibrationTypeCode_AbsoluteRadiometricCalibration">
                            <cat:identifier><gco:ScopedName codeSpace="https://standards.iso.org/19163/-1/1/clause#B.28">AbsoluteRadiometricCalibration</gco:ScopedName></cat:identifier>
                            <cat:name><gco:ScopedName codeSpace="https://standards.iso.org/19163/-1/1/clause#B.28">AbsoluteRadiometricCalibration</gco:ScopedName></cat:name>
                            <cat:definition><gco:CharacterString>AbsoluteRadiometricCalibration</gco:CharacterString></cat:definition>
                            <cat:description><gco:CharacterString>AbsoluteRadiometricCalibration</gco:CharacterString></cat:description>
                        </cat:CT_CodelistValue>
                    </cat:codeEntry>
                    <cat:codeEntry  uuidref="https://schemas.isotc211.org/Resources/codelists.xml#ISO19163-1.igd.IE_RadiometricCalibrationTypeCode_RelativeRadiometricCalibration">
                        <cat:CT_CodelistValue id="ISO19163-1.igd.IE_RadiometricCalibrationTypeCode_RelativeRadiometricCalibration">
                            <cat:identifier><gco:ScopedName codeSpace="https://standards.iso.org/19163/-1/1/clause#B.28">RelativeRadiometricCalibration</gco:ScopedName></cat:identifier>
                            <cat:name><gco:ScopedName codeSpace="https://standards.iso.org/19163/-1/1/clause#B.28">RelativeRadiometricCalibration</gco:ScopedName></cat:name>
                            <cat:definition><gco:CharacterString>RelativeRadiometricCalibration</gco:CharacterString></cat:definition>
                            <cat:description><gco:CharacterString>RelativeRadiometricCalibration</gco:CharacterString></cat:description>
                        </cat:CT_CodelistValue>
                    </cat:codeEntry>
                </cat:CT_Codelist>
            </cat:codelistItem>
            <!--

            <xs:simpleType name="IE_OpticalImageTypeCode_Type">
                <xs:restriction base="xs:string">
                    <xs:enumeration value="HyperspectialImage"/>
                    <xs:enumeration value="InfraredImage"/>
                    <xs:enumeration value="MultispectralImage"/>
                    <xs:enumeration value="PanchromaticImage"/>
                    <xs:enumeration value="Other"/>
                </xs:restriction>
            </xs:simpleType>
 
            <xs:simpleType name="IE_OpticalSensorTypeCode_Type">
                <xs:restriction base="xs:string">
                    <xs:enumeration value="Frame"/>
                    <xs:enumeration value="Pushbroom"/>
                    <xs:enumeration value="Whiskbroom"/>
                    <xs:enumeration value="Other"/>
                </xs:restriction>
            </xs:simpleType>
 
            <xs:simpleType name="IE_SARImagingModeCode_Type">
                <xs:restriction base="xs:string">
                    <xs:enumeration value="SpotlightMode"/>
                    <xs:enumeration value="StripmapMode"/>
                    <xs:enumeration value="other"/>
                </xs:restriction>
            </xs:simpleType>
  
            <xs:simpleType name="IE_SARComplexLayerCode_Type">
                <xs:restriction base="xs:string">
                    <xs:enumeration value="ComplexNumber"/>
                    <xs:enumeration value="RealNumber"/>
                    <xs:enumeration value="ImaginaryNumber"/>
                    <xs:enumeration value="Phase"/>
                    <xs:enumeration value="Magnitude"/>
                </xs:restriction>
            </xs:simpleType>
 
            <xs:simpleType name="IE_PMWScanningModeCode_Type">
                <xs:restriction base="xs:string">
                    <xs:enumeration value="ConicalScanning"/>
                    <xs:enumeration value="CrosstrackScanning"/>
                    <xs:enumeration value="LimbScanning"/>
                    <xs:enumeration value="SpiralScanning"/>
                    <xs:enumeration value="WhiskbroomScanning"/>
                </xs:restriction>
            </xs:simpleType>
 
            <xs:simpleType name="IE_PMWBandNameCode_Type">
                <xs:restriction base="xs:string">
                    <xs:enumeration value="L-Band"/>
                    <xs:enumeration value="C-Band"/>
                    <xs:enumeration value="K-Band"/>
                    <xs:enumeration value="Ka-Band"/>
                    <xs:enumeration value="M-Band"/>
                    <xs:enumeration value="G-Band"/>
                </xs:restriction>
            </xs:simpleType>
 
            <xs:simpleType name="IE_PMWApertureTypeCode_Type">
                <xs:restriction base="xs:string">
                    <xs:enumeration value="RealAperture"/>
                    <xs:enumeration value="SyntheticAperture"/>
                </xs:restriction>
            </xs:simpleType>
  
            <xs:simpleType name="IE_ChannelPropertyCode_Type">
                <xs:restriction base="xs:string">
                    <xs:enumeration value="OxygenAbsorptionChannel"/>
                    <xs:enumeration value="WaterVapourAbsorptionChannel"/>
                    <xs:enumeration value="OzoneAbsorptionChannel"/>
                    <xs:enumeration value="WindowChannel"/>
                    <xs:enumeration value="TraceGasAbsorptionChannel"/>
                </xs:restriction>
            </xs:simpleType>
     <!--
  
     <xs:simpleType name="CV_CommonPointRule_Type">
            <cat:identifier value="average"/>
            <cat:identifier value="low"/>
            <cat:identifier value="high"/>
            <cat:identifier value="all"/>
            <cat:identifier value="start"/>
            <cat:identifier value="end"/>
    </xs:simpleType>
    <xs:simpleType name="CV_InterpolationMethod">
            <cat:identifier value="nearestneighbor"/>
            <cat:identifier value="linear"/>
            <cat:identifier value="quadratic"/>
            <cat:identifier value="cubic"/>
            <cat:identifier value="bilinear"/>
            <cat:identifier value="biquadratic"/>
            <cat:identifier value="bicubic"/>
            <cat:identifier value="lostarea"/>
            <cat:identifier value="barycentric"/>
 -->
        </cat:CT_CodelistCatalogue>
    </cat:subCatalogue>
</cat:CT_CodelistCatalogue>
