<?xml version="1.0" encoding="UTF-8"?>
<cat:CT_CodelistCatalogue xmlns:xsi="http://www.w3.org/2001/XMLSchema-instance"
    xsi:schemaLocation="https://schemas.isotc211.org/19139/-/cat/1.2 ../19139/-/cat/1.2.0/cat.xsd"
    xmlns:cat="https://schemas.isotc211.org/19139/-/cat/1.2"
    xmlns:gco="https://schemas.isotc211.org/19103/-/gco/1.2"
    xmlns:xlink="http://www.w3.org/1999/xlink"
    xmlns:lan="https://schemas.isotc211.org/19115/-1/lan/1.3"
    xmlns:gml="http://www.opengis.net/gml/3.2">
    <!--=====Catalogue description=====-->
    <cat:name>
        <gco:CharacterString>Codelists from the ISO / TC211 Standards</gco:CharacterString>
    </cat:name>
    <cat:scope>
        <gco:CharacterString>Codelists related to ISO / TC211 Standards</gco:CharacterString>
    </cat:scope>
    <cat:fieldOfApplication>
        <gco:CharacterString>ISO TC211 Standards</gco:CharacterString>
    </cat:fieldOfApplication>
    <cat:versionNumber>
        <gco:CharacterString>1.1</gco:CharacterString>
    </cat:versionNumber>
    <cat:versionDate>
        <gco:Date>2021-03-05</gco:Date>
    </cat:versionDate>
    <cat:locale>
        <lan:PT_Locale>
            <lan:language>
                <lan:LanguageCode
                    codeList="https://standards.iso.org/19115/-1/1/clause#B.3.11"
                    codeListValue="eng">eng</lan:LanguageCode>
            </lan:language>
            <lan:characterEncoding>
                <lan:MD_CharacterSetCode
                    codeList="https://standards.iso.org/19115/-1/1/clause#B.3.14"
                    codeListValue="UTF-8">UTF-8</lan:MD_CharacterSetCode>
            </lan:characterEncoding>
        </lan:PT_Locale>
    </cat:locale>
     <simpleType name="SE_ATDimensionType_Type">
        <restriction base="string">
            <enumeration value="x"/>
            <enumeration value="xy"/>
            <enumeration value="y"/>
            <enumeration value="z"/>
        </restriction>
    </simpleType>
    
    
    <simpleType name="SE_ATMeasType_Type">
        <restriction base="string">
            <enumeration value="Automatic">
                <annotation>
                    <documentation>Point positions are determined by an automatic
                        process</documentation>
                </annotation>
            </enumeration>
            <enumeration value="Manual">
                <annotation>
                    <documentation>Point positions are measured manually.</documentation>
                </annotation>
            </enumeration>
        </restriction>
    </simpleType>
    
    
    <simpleType name="SE_ATPointType_Type">
        <restriction base="string">
            <enumeration value="checkPoint">
                <annotation>
                    <documentation>Ground Control Point applied as Check Point</documentation>
                </annotation>
            </enumeration>
            <enumeration value="controlPoint">
                <annotation>
                    <documentation>Ground Control Point applied as Ground Control
                        Point</documentation>
                </annotation>
            </enumeration>
            <enumeration value="shadedimage">
                <annotation>
                    <documentation>Ground Control Point applied as a shaded part of the
                        image</documentation>
                </annotation>
            </enumeration>           
        </restriction>
    </simpleType>
    
    
     <simpleType name="SE_ATStatisticType_Type">
        <restriction base="string">
            <enumeration value="image">
                <annotation>
                    <documentation>Statistical attributes valid for a single image</documentation>
                </annotation>
            </enumeration>
            <enumeration value="strip">
                <annotation>
                    <documentation>Statistical attributes valid for a single strip</documentation>
                </annotation>
            </enumeration>
            <enumeration value="block">
                <annotation>
                    <documentation>Statistical attributes valid for the block</documentation>
                </annotation>
            </enumeration>
        </restriction>
    </simpleType>
    
     <simpleType name="SE_DataModelingMethod_Type">
        <restriction base="string">
            <enumeration value="absoluteValue"/>
            <enumeration value="basicSequentialModeling"/>
            <enumeration value="collectionPlane"/>
            <enumeration value="rectifiedImage"/>
            <enumeration value="reserved"/>
            <enumeration value="vectorModeling"/>
            <enumeration value="notApplicable"/>
        </restriction>
    </simpleType>


    <simpleType name="SE_SARCollectionMode_Type">
        <restriction base="string">
            <enumeration value="spotlight"/>
            <enumeration value="stripmap"/>
            <enumeration value="scan"/>
        </restriction>
    </simpleType>
    
    
    <simpleType name="SE_SonarDeploymentType_Type">
        <restriction base="string">
            <enumeration value="hullMounted"/>
            <enumeration value="offset"/>
            <enumeration value="Towed"/>
        </restriction>
    </simpleType>
    
    
    <simpleType name="SE_SonarMode_Type">
        <restriction base="string">
            <enumeration value="SD_MultiBeam"/>
            <enumeration value="SD_SideScan"/>
            <enumeration value="SD_SingleBeam"/>
            <enumeration value="SD_Sweep"/>
            <enumeration value="SD_ScanningProfiler"/>
        </restriction>
    </simpleType>
    
    
    <simpleType name="SE_SonarType_Type">
        <restriction base="string">
            <enumeration value="Active"/>
            <enumeration value="Passive"/>
        </restriction>
    </simpleType>
    

    <simpleType name="SE_TideAdjustType_Type">
        <restriction base="string">
            <enumeration value="Prediction"/>
            <enumeration value="Realtime"/>
        </restriction>
    </simpleType>
    
    
     <simpleType name="SE_InSARCollectionModeType_Type">
        <restriction base="string">
            <enumeration value="pingPongMode"/>
            <enumeration value="standardMode"/>
        </restriction>
    </simpleType>
    
    
    <simpleType name="SE_InSARTransmitReceiveType_Type">
        <restriction base="string">
            <enumeration value="firstAntennaTransmit"/>
            <enumeration value="secondAntennaTransmit"/>
        </restriction>
    </simpleType> 


     <simpleType name="SE_ATErrorType_Type">
        <restriction base="string">
            <enumeration value="rms"/>
            <enumeration value="sigma"/>
        </restriction>
    </simpleType>


     <simpleType name="SE_ATPeripheralDevice_Type">
        <restriction base="string">
            <enumeration value="gnss"/>
            <enumeration value="imu"/>
        </restriction>
    </simpleType>

</cat:CT_CodelistCatalogue>
