<?xml-stylesheet type='text/xsl' href='./CodelistDictionary-v32.xsl'?><Dictionary xmlns="http://www.opengis.net/gml/3.2" xmlns:gml="http://www.opengis.net/gml/3.2" xmlns:xsi="http://www.w3.org/2001/XMLSchema-instance" gml:id="MI_PolarisationOrientationCode" xsi:schemaLocation="http://www.opengis.net/gml/3.2 null">
  <description>Description: polarisation of the antenna relative to the waveform&#13;
shortName: PolarOrienCode&#13;
</description>
  <identifier codeSpace="http://www.isotc211.org/2014/mrc/1.0/2014-07-11">MI_PolarisationOrientationCode</identifier>
  <dictionaryEntry>
    <Definition gml:id="_12494_19297">
      <description>Description: TBD&#13;
Code: 001</description>
      <identifier codeSpace="http://www.isotc211.org/2014/mrc/1.0/2014-07-11/MI_PolarisationOrientationCode">horizontal</identifier>
    </Definition>
  </dictionaryEntry>
  <dictionaryEntry>
    <Definition gml:id="_12494_19298">
      <description>Description: TBD&#13;
Code: 002</description>
      <identifier codeSpace="http://www.isotc211.org/2014/mrc/1.0/2014-07-11/MI_PolarisationOrientationCode">vertical</identifier>
    </Definition>
  </dictionaryEntry>
  <dictionaryEntry>
    <Definition gml:id="_12494_19299">
      <description>Description: TBD&#13;
Code: 003</description>
      <identifier codeSpace="http://www.isotc211.org/2014/mrc/1.0/2014-07-11/MI_PolarisationOrientationCode">leftCircular</identifier>
    </Definition>
  </dictionaryEntry>
  <dictionaryEntry>
    <Definition gml:id="_12494_19300">
      <description>Description: TBD&#13;
Code: 004</description>
      <identifier codeSpace="http://www.isotc211.org/2014/mrc/1.0/2014-07-11/MI_PolarisationOrientationCode">rightCircular</identifier>
    </Definition>
  </dictionaryEntry>
  <dictionaryEntry>
    <Definition gml:id="_12494_19301">
      <description>Description: TBD&#13;
Code: 005</description>
      <identifier codeSpace="http://www.isotc211.org/2014/mrc/1.0/2014-07-11/MI_PolarisationOrientationCode">theta</identifier>
    </Definition>
  </dictionaryEntry>
  <dictionaryEntry>
    <Definition gml:id="_12494_19302">
      <description>Description: TBD&#13;
Code: 006</description>
      <identifier codeSpace="http://www.isotc211.org/2014/mrc/1.0/2014-07-11/MI_PolarisationOrientationCode">phi</identifier>
    </Definition>
  </dictionaryEntry>
</Dictionary>
