<?xml version="1.0" encoding="UTF-8"?>
<mdb:MD_Metadata xmlns:xsi="http://www.w3.org/2001/XMLSchema-instance" xsi:schemaLocation="http://schemas.isotc211.org/19115/-3/mds/1.0 ../../mds/1.0/mds.xsd"
   xmlns:mdb="http://schemas.isotc211.org/19115/-3/mdb/1.0" xmlns:gco="http://schemas.isotc211.org/19115/-3/gco/1.0" xmlns:mri="http://schemas.isotc211.org/19115/-3/mri/1.0"
   xmlns:srv="http://schemas.isotc211.org/19115/-3/srv/2.0" xmlns:cit="http://schemas.isotc211.org/19115/-3/cit/1.0">
   <mdb:metadataIdentifier/>
   <mdb:contact/>
   <mdb:dateInfo/>
   <mdb:identificationInfo>
      <srv:SV_ServiceIdentification>
         <mri:citation/>
         <mri:abstract/>
         <srv:serviceType/>
         <!-- Invalid for rule.srv.coupledresource
         <srv:couplingType>
            <srv:SV_CouplingType codeList="" codeListValue="tight"/>
         </srv:couplingType> -->
         <srv:coupledResource>
            <srv:SV_CoupledResource>
               <srv:resourceReference>
                  <cit:CI_Citation>
                     <cit:title>
                        <gco:CharacterString>Reference</gco:CharacterString>
                     </cit:title>
                  </cit:CI_Citation>
               </srv:resourceReference>
            </srv:SV_CoupledResource>
         </srv:coupledResource>
         <!-- Invalid for rule.srv.hasresourcereforresource -->
         <srv:coupledResource>
            <srv:SV_CoupledResource>
               <srv:scopedName>
                  <gco:ScopedName>unknown</gco:ScopedName>
               </srv:scopedName>
            </srv:SV_CoupledResource>
         </srv:coupledResource>
         <!-- Invalid for rule.srv.coupledresourceonlyresource -->
         <srv:coupledResource>
            <srv:SV_CoupledResource>
               <srv:resourceReference>
                  <cit:CI_Citation>
                     <cit:title>
                        <gco:CharacterString>Reference</gco:CharacterString>
                     </cit:title>
                  </cit:CI_Citation>
               </srv:resourceReference>
               <srv:resource uuidref="MD022"/>
            </srv:SV_CoupledResource>
         </srv:coupledResource>
         <!-- Invalid for rule rule.srv.chainoroperations -->
         <!-- Invalid for rule.srv.operateddataset -->
         <srv:operatedDataset uuidref="MD01"/>
         <srv:containsOperations>
            <srv:SV_OperationMetadata>
               <srv:operationName>
                  <gco:CharacterString/>
               </srv:operationName>
               <srv:distributedComputingPlatform/>
               <srv:connectPoint/>
            </srv:SV_OperationMetadata>
         </srv:containsOperations>
         <srv:operatesOn uuidref="MD01"/>
         <srv:containsChain>
            <srv:SV_OperationChainMetadata>
               <srv:name>
                  <gco:CharacterString/>
               </srv:name>
               <srv:operation/>
            </srv:SV_OperationChainMetadata>
         </srv:containsChain>
      </srv:SV_ServiceIdentification>
   </mdb:identificationInfo>
</mdb:MD_Metadata>
