<?xml-stylesheet type='text/xsl' href='./CodelistDictionary-v32.xsl'?>
<Dictionary xmlns="http://www.opengis.net/gml/3.2"    xmlns:gml="http://www.opengis.net/gml/3.2"
  xmlns:xsi="http://www.w3.org/2001/XMLSchema-instance" gml:id="CI_TelephoneTypeCode"
  xsi:schemaLocation="http://www.opengis.net/gml/3.2 http://schemas.opengis.net/gml/3.2.1/gml.xsd">
  <description>type of telephone</description>
  <identifier codeSpace="https://schemas.isotc211.org/19115/-3/cit/1.0">CI_TelephoneTypeCode</identifier>
  <dictionaryEntry>
    <Definition gml:id="CI_TelephoneTypeCode_voice">
      <description>telephone provides voice service</description>
      <identifier codeSpace="https://schemas.isotc211.org/19115/-3/cit/1.0">voice</identifier>
    </Definition>
  </dictionaryEntry>
  <dictionaryEntry>
    <Definition gml:id="CI_TelephoneTypeCode_fax">
      <description>telephone provides facsimile service</description>
      <identifier codeSpace="https://schemas.isotc211.org/19115/-3/cit/1.0">fax</identifier>
    </Definition>
  </dictionaryEntry>
  <dictionaryEntry>
    <Definition gml:id="CI_TelephoneTypeCode_sms">
      <description>telephone provides sms service</description>
      <identifier codeSpace="https://schemas.isotc211.org/19115/-3/cit/1.0">sms</identifier>
    </Definition>
  </dictionaryEntry>
</Dictionary>
