<?xml-stylesheet type='text/xsl' href='./CodelistDictionary-v32.xsl'?><Dictionary xmlns="http://www.opengis.net/gml/3.2"    xmlns:gml="http://www.opengis.net/gml/3.2"    xmlns:xsi="http://www.w3.org/2001/XMLSchema-instance" gml:id="CS_AxisDirection" xsi:schemaLocation="http://www.opengis.net/gml/3.2 http://schemas.opengis.net/gml/3.2.1/gml.xsd">
  <description>The direction of positive increase in the coordinate value for a coordinate system axis.&#13;
</description>
  <identifier codeSpace="http://www.isotc211.org/2014/rbc/1.0">CS_AxisDirection</identifier>
  <dictionaryEntry>
    <Definition gml:id="_9502_12511">
      <description>Axis positive direction is north. In a geodetic or projected CRS, north is defined through the geodetic datum. In an engineering CRS, north may be defined with respect to an engineering object rather than a geographical direction.</description>
      <identifier codeSpace="http://www.isotc211.org/2014/rbc/1.0">north</identifier>
    </Definition>
  </dictionaryEntry>
  <dictionaryEntry>
    <Definition gml:id="_9502_12512">
      <description>Axis positive direction is approximately north-north-east.</description>
      <identifier codeSpace="http://www.isotc211.org/2014/rbc/1.0">northNorthEast</identifier>
    </Definition>
  </dictionaryEntry>
  <dictionaryEntry>
    <Definition gml:id="_9502_12513">
      <description>Axis positive direction is approximately north-east.</description>
      <identifier codeSpace="http://www.isotc211.org/2014/rbc/1.0">northEast</identifier>
    </Definition>
  </dictionaryEntry>
  <dictionaryEntry>
    <Definition gml:id="_9502_12514">
      <description>Axis positive direction is approximately east-north-east.</description>
      <identifier codeSpace="http://www.isotc211.org/2014/rbc/1.0">eastNorthEast</identifier>
    </Definition>
  </dictionaryEntry>
  <dictionaryEntry>
    <Definition gml:id="_9502_12515">
      <description>Axis positive direction is  Pi/2 radians clockwise from north.</description>
      <identifier codeSpace="http://www.isotc211.org/2014/rbc/1.0">east</identifier>
    </Definition>
  </dictionaryEntry>
  <dictionaryEntry>
    <Definition gml:id="_9502_12516">
      <description>Axis positive direction is approximately east-south-east.</description>
      <identifier codeSpace="http://www.isotc211.org/2014/rbc/1.0">eastSouthEast</identifier>
    </Definition>
  </dictionaryEntry>
  <dictionaryEntry>
    <Definition gml:id="_9502_12517">
      <description>Axis positive direction is approximately south-east.</description>
      <identifier codeSpace="http://www.isotc211.org/2014/rbc/1.0">southEast</identifier>
    </Definition>
  </dictionaryEntry>
  <dictionaryEntry>
    <Definition gml:id="_9502_12518">
      <description>Axis positive direction is approximately south-south-east.</description>
      <identifier codeSpace="http://www.isotc211.org/2014/rbc/1.0">southSouthEast</identifier>
    </Definition>
  </dictionaryEntry>
  <dictionaryEntry>
    <Definition gml:id="_9502_12519">
      <description>Axis positive direction is Pi radians clockwise from north.</description>
      <identifier codeSpace="http://www.isotc211.org/2014/rbc/1.0">south</identifier>
    </Definition>
  </dictionaryEntry>
  <dictionaryEntry>
    <Definition gml:id="_9502_12520">
      <description>Axis positive direction is approximately south-south-west.</description>
      <identifier codeSpace="http://www.isotc211.org/2014/rbc/1.0">southSouthWest</identifier>
    </Definition>
  </dictionaryEntry>
  <dictionaryEntry>
    <Definition gml:id="_9502_12521">
      <description>Axis positive direction is approximately south-west.</description>
      <identifier codeSpace="http://www.isotc211.org/2014/rbc/1.0">southWest</identifier>
    </Definition>
  </dictionaryEntry>
  <dictionaryEntry>
    <Definition gml:id="_9502_12522">
      <description>Axis positive direction is approximately west-south-west.</description>
      <identifier codeSpace="http://www.isotc211.org/2014/rbc/1.0">westSouthWest</identifier>
    </Definition>
  </dictionaryEntry>
  <dictionaryEntry>
    <Definition gml:id="_9502_12523">
      <description>Axis positive direction is 3Pi/2 radians clockwise from north.</description>
      <identifier codeSpace="http://www.isotc211.org/2014/rbc/1.0">west</identifier>
    </Definition>
  </dictionaryEntry>
  <dictionaryEntry>
    <Definition gml:id="_9502_12524">
      <description>Axis positive direction is approximately west-north-west.</description>
      <identifier codeSpace="http://www.isotc211.org/2014/rbc/1.0">westNorthWest</identifier>
    </Definition>
  </dictionaryEntry>
  <dictionaryEntry>
    <Definition gml:id="_9502_12525">
      <description>Axis positive direction is approximately north-west.</description>
      <identifier codeSpace="http://www.isotc211.org/2014/rbc/1.0">northWest</identifier>
    </Definition>
  </dictionaryEntry>
  <dictionaryEntry>
    <Definition gml:id="_9502_12526">
      <description>Axis positive direction is approximately north-north-west.</description>
      <identifier codeSpace="http://www.isotc211.org/2014/rbc/1.0">northNorthWest</identifier>
    </Definition>
  </dictionaryEntry>
  <dictionaryEntry>
    <Definition gml:id="_9502_12527">
      <description>Axis positive direction is up relative to gravity.</description>
      <identifier codeSpace="http://www.isotc211.org/2014/rbc/1.0">up</identifier>
    </Definition>
  </dictionaryEntry>
  <dictionaryEntry>
    <Definition gml:id="_9502_12528">
      <description>Axis positive direction is down relative to gravity.</description>
      <identifier codeSpace="http://www.isotc211.org/2014/rbc/1.0">down</identifier>
    </Definition>
  </dictionaryEntry>
  <dictionaryEntry>
    <Definition gml:id="_9502_12529">
      <description>Axis positive direction is in the equatorial plane from the centre of the modelled earth towards the intersection of the equator with the prime meridian.</description>
      <identifier codeSpace="http://www.isotc211.org/2014/rbc/1.0">geocentricX</identifier>
    </Definition>
  </dictionaryEntry>
  <dictionaryEntry>
    <Definition gml:id="_9502_12530">
      <description>Axis positive direction is in the equatorial plane from the centre of the modelled earth towards the intersection of the equator and the meridian Pi/2 radians eastwards from the prime meridian.</description>
      <identifier codeSpace="http://www.isotc211.org/2014/rbc/1.0">geocentricY</identifier>
    </Definition>
  </dictionaryEntry>
  <dictionaryEntry>
    <Definition gml:id="_9502_12531">
      <description>Axis positive direction is from the centre of the modelled earth parallel to its rotation axis and towards its north pole.</description>
      <identifier codeSpace="http://www.isotc211.org/2014/rbc/1.0">geocentricZ</identifier>
    </Definition>
  </dictionaryEntry>
  <dictionaryEntry>
    <Definition gml:id="_9502_12532">
      <description>Axis positive direction is towards higher pixel column.</description>
      <identifier codeSpace="http://www.isotc211.org/2014/rbc/1.0">columnPositive</identifier>
    </Definition>
  </dictionaryEntry>
  <dictionaryEntry>
    <Definition gml:id="_9502_12533">
      <description>Axis positive direction is towards lower pixel column.</description>
      <identifier codeSpace="http://www.isotc211.org/2014/rbc/1.0">columnNegative</identifier>
    </Definition>
  </dictionaryEntry>
  <dictionaryEntry>
    <Definition gml:id="_9502_12534">
      <description>Axis positive direction is towards higher pixel row.</description>
      <identifier codeSpace="http://www.isotc211.org/2014/rbc/1.0">rowPositive</identifier>
    </Definition>
  </dictionaryEntry>
  <dictionaryEntry>
    <Definition gml:id="_9502_12535">
      <description>Axis positive direction is towards lower pixel row.</description>
      <identifier codeSpace="http://www.isotc211.org/2014/rbc/1.0">rowNegative</identifier>
    </Definition>
  </dictionaryEntry>
  <dictionaryEntry>
    <Definition gml:id="_9502_12536">
      <description>Axis positive direction is right in display.</description>
      <identifier codeSpace="http://www.isotc211.org/2014/rbc/1.0">displayRight</identifier>
    </Definition>
  </dictionaryEntry>
  <dictionaryEntry>
    <Definition gml:id="_9502_12537">
      <description>Axis positive direction is left in display.</description>
      <identifier codeSpace="http://www.isotc211.org/2014/rbc/1.0">displayLeft</identifier>
    </Definition>
  </dictionaryEntry>
  <dictionaryEntry>
    <Definition gml:id="_9502_12538">
      <description>Axis positive direction is towards top of approximately vertical display surface.</description>
      <identifier codeSpace="http://www.isotc211.org/2014/rbc/1.0">displayUp</identifier>
    </Definition>
  </dictionaryEntry>
  <dictionaryEntry>
    <Definition gml:id="_9502_12539">
      <description>Axis positive direction is towards bottom of approximately vertical display surface.</description>
      <identifier codeSpace="http://www.isotc211.org/2014/rbc/1.0">displayDown</identifier>
    </Definition>
  </dictionaryEntry>
</Dictionary>
