<?xml-stylesheet type='text/xsl' href='./CodelistDictionary-v32.xsl'?><Dictionary xmlns="http://www.opengis.net/gml/3.2"    xmlns:gml="http://www.opengis.net/gml/3.2"    xmlns:xsi="http://www.w3.org/2001/XMLSchema-instance" gml:id="MI_OperationTypeCode" xsi:schemaLocation="http://www.opengis.net/gml/3.2 http://schemas.opengis.net/gml/3.2.1/gml.xsd">
  <description>
  </description>
  <identifier codeSpace="https://schemas.isotc211.org/19115/-3/mac/1.0">MI_OperationTypeCode</identifier>
  <dictionaryEntry>
    <Definition gml:id="_12418_18999">
      <description>
      </description>
      <identifier codeSpace="https://schemas.isotc211.org/19115/-3/mac/1.0">real</identifier>
    </Definition>
  </dictionaryEntry>
  <dictionaryEntry>
    <Definition gml:id="_12418_19000">
      <description>
      </description>
      <identifier codeSpace="https://schemas.isotc211.org/19115/-3/mac/1.0">simulated</identifier>
    </Definition>
  </dictionaryEntry>
  <dictionaryEntry>
    <Definition gml:id="_12418_19001">
      <description>
      </description>
      <identifier codeSpace="https://schemas.isotc211.org/19115/-3/mac/1.0">synthetic</identifier>
    </Definition>
  </dictionaryEntry>
</Dictionary>
