<?xml version="1.0" encoding="UTF-8"?>
<mrd:MD_StandardOrderProcess xmlns:gco="https://schemas.isotc211.org/19103/-/gco/1.1"
 xmlns:gmw="https://schemas.isotc211.org/19136/-/gmw/1.1"
 xmlns:mcc="https://schemas.isotc211.org/19115/-1/mcc/1.3"
 xmlns:mrd="https://schemas.isotc211.org/19115/-1/mrd/1.3"
 xmlns:cit="https://schemas.isotc211.org/19115/-1/cit/1.3"
 xmlns:xlink="http://www.w3.org/1999/xlink"
 xmlns:xsi="http://www.w3.org/2001/XMLSchema-instance"
 xsi:schemaLocation="https://schemas.isotc211.org/19115/-1/mrd/1.3 file:/F:/Code_GitHub_ISO/XML_19115-3/schemas.isotc211.org/19115Restructure/19115/-1/mrd/1.3.0/distribution.xsd">
<mrd:fees><gco:CharacterString>none</gco:CharacterString></mrd:fees>
 <mrd:plannedAvailableDateTime><gco:DateTime>2020-01-01T12:00:00Z</gco:DateTime></mrd:plannedAvailableDateTime>
 <mrd:orderingInstructions><gco:CharacterString>Sample ordering instructions</gco:CharacterString></mrd:orderingInstructions>
 <mrd:turnaround><gco:CharacterString>24 hours</gco:CharacterString></mrd:turnaround>
 <mrd:orderOptionsType><gco:RecordType>
  <gco:fieldType><gco:FieldType>
   <gco:fieldName><gco:CharacterString>name</gco:CharacterString></gco:fieldName>
   <gco:fieldType><gco:TypeName>
    <gco:aName><gco:CharacterString>char</gco:CharacterString></gco:aName>
   </gco:TypeName></gco:fieldType>
  </gco:FieldType></gco:fieldType>
  <gco:fieldType><gco:FieldType>
   <gco:fieldName></gco:fieldName>
   <gco:fieldType></gco:fieldType>
  </gco:FieldType></gco:fieldType>
 </gco:RecordType></mrd:orderOptionsType>
 <mrd:orderOptions><gco:Record>
  <gco:field><gco:Field>
   <gco:value><gco:CharacterString>10</gco:CharacterString></gco:value>
  </gco:Field></gco:field>
 </gco:Record></mrd:orderOptions>
</mrd:MD_StandardOrderProcess>
