<?xml version="1.0" encoding="UTF-8"?>
<mrd:MD_Medium xmlns:cit="https://schemas.isotc211.org/19115/-1/cit/1.3"
 xmlns:xlink="http://www.w3.org/1999/xlink"
 xmlns:gco="https://schemas.isotc211.org/19103/-/gco/1.1"
 xmlns:gmw="https://schemas.isotc211.org/19136/-/gmw/1.1"
 xmlns:mcc="https://schemas.isotc211.org/19115/-1/mcc/1.3"
 xmlns:mrd="https://schemas.isotc211.org/19115/-1/mrd/1.3"
 xmlns:xsi="http://www.w3.org/2001/XMLSchema-instance"
 xsi:schemaLocation="https://schemas.isotc211.org/19115/-1/mrd/1.3 file:/F:/Code_GitHub_ISO/XML_19115-3/schemas.isotc211.org/19115Restructure/19115/-1/mrd/1.3.0/distribution.xsd">
<mrd:name><cit:CI_Citation>
 <cit:title></cit:title>
</cit:CI_Citation></mrd:name>
 <mrd:density><gco:Real>2.5</gco:Real></mrd:density>
 <mrd:densityUnits><gco:CharacterString>KB</gco:CharacterString></mrd:densityUnits>
 <mrd:volumes><gco:Integer>300</gco:Integer></mrd:volumes>
 <mrd:mediumFormat><mrd:MD_MediumFormatCode codeList="mediumFormatCodes" codeListValue="sdd">sdd</mrd:MD_MediumFormatCode></mrd:mediumFormat>
 <mrd:mediumNote><gco:CharacterString>No notes</gco:CharacterString></mrd:mediumNote>
 <mrd:identifier><mcc:MD_Identifier>
  <mcc:authority><cit:CI_Citation>
   <cit:title></cit:title>
  </cit:CI_Citation></mcc:authority>
  <mcc:code><gco:CharacterString>234</gco:CharacterString></mcc:code>
  <mcc:codeSpace><gco:CharacterString></gco:CharacterString></mcc:codeSpace>
  <mcc:description><gco:CharacterString></gco:CharacterString></mcc:description>
 </mcc:MD_Identifier></mrd:identifier>
</mrd:MD_Medium>
