<?xml version="1.0" encoding="UTF-8"?>
<cit:CI_Date xmlns:cit="https://schemas.isotc211.org/19115/-1/cit/1.3"
 xmlns:xlink="http://www.w3.org/1999/xlink"
 xmlns:gco="https://schemas.isotc211.org/19103/-/gco/1.1"
 xmlns:mcc="https://schemas.isotc211.org/19115/-1/mcc/1.3"
 xmlns:xsi="http://www.w3.org/2001/XMLSchema-instance"
 xsi:schemaLocation="https://schemas.isotc211.org/19115/-1/cit/1.3 file:/F:/Code_GitHub_ISO/XML_19115-3/schemas.isotc211.org/19115Restructure/19115/-1/cit/1.3.0/citation.xsd">
    <cit:date><gco:DateTime>2020-01-30T17:00:00Z</gco:DateTime></cit:date>
    <cit:dateType><cit:CI_DateTypeCode codeList="dateTypeCodes" codeListValue="creation">creation</cit:CI_DateTypeCode></cit:dateType>
</cit:CI_Date>
