<?xml version="1.0" encoding="UTF-8"?>
<cit:CI_Series xmlns:xlink="http://www.w3.org/1999/xlink"
 xmlns:gco="https://schemas.isotc211.org/19103/-/gco/1.1"
 xmlns:mcc="https://schemas.isotc211.org/19115/-1/mcc/1.3"
 xmlns:cit="https://schemas.isotc211.org/19115/-1/cit/1.3"
 xmlns:xsi="http://www.w3.org/2001/XMLSchema-instance"
 xsi:schemaLocation="https://schemas.isotc211.org/19115/-1/cit/1.3 file:/F:/Code_GitHub_ISO/XML_19115-3/schemas.isotc211.org/19115Restructure/19115/-1/cit/1.3.0/citation.xsd">
 <cit:name><gco:CharacterString>Sample Issue</gco:CharacterString></cit:name>
 <cit:issueIdentification><gco:CharacterString>Issue Number 1170</gco:CharacterString></cit:issueIdentification>
 <cit:page><gco:CharacterString>200-205</gco:CharacterString></cit:page>
</cit:CI_Series>
