<?xml version="1.0" encoding="UTF-8"?>
<cit:CI_Citation xmlns:gco="https://schemas.isotc211.org/19103/-/gco/1.1"
 xmlns:xlink="http://www.w3.org/1999/xlink"
 xmlns:cit="https://schemas.isotc211.org/19115/-1/cit/1.3"
 xmlns:mcc="https://schemas.isotc211.org/19115/-1/mcc/1.3"
 xmlns:xsi="http://www.w3.org/2001/XMLSchema-instance"
 xsi:schemaLocation="https://schemas.isotc211.org/19115/-1/cit/1.3 file:/F:/Code_GitHub_ISO/XML_19115-3/schemas.isotc211.org/19115Restructure/19115/-1/cit/1.3.0/citation.xsd">
    <cit:title><gco:CharacterString>Sample citation title</gco:CharacterString></cit:title>
    <cit:alternateTitle><gco:CharacterString>Sample alternate title 1</gco:CharacterString></cit:alternateTitle>
    <cit:alternateTitle><gco:CharacterString>Sample alternate title 2</gco:CharacterString></cit:alternateTitle>
    <cit:date><cit:CI_Date>
        <cit:date><gco:Date>2020-01-30</gco:Date></cit:date>
        <cit:dateType><cit:CI_DateTypeCode codeList="dateTypeCodes" codeListValue="creation">creation</cit:CI_DateTypeCode></cit:dateType>
    </cit:CI_Date></cit:date>
    <cit:date><cit:CI_Date>
        <cit:date><gco:DateTime>2020-01-30T17:00:00Z</gco:DateTime></cit:date>
        <cit:dateType><cit:CI_DateTypeCode codeList="dateTypeCodes" codeListValue="revision">revision</cit:CI_DateTypeCode></cit:dateType>
    </cit:CI_Date></cit:date>
    <cit:edition><gco:CharacterString>Version 2021.001</gco:CharacterString></cit:edition>
    <cit:editionDate><gco:DateTime>2020-01-30T17:00:00Z</gco:DateTime></cit:editionDate>
    <cit:identifier></cit:identifier>
    <cit:citedResponsibleParty></cit:citedResponsibleParty>
    <cit:presentationForm></cit:presentationForm>
    <cit:series></cit:series>
    <cit:otherCitationDetails></cit:otherCitationDetails>
    <cit:ISBN></cit:ISBN>
    <cit:ISSN></cit:ISSN>
    <cit:onlineResource></cit:onlineResource>
    <cit:graphic></cit:graphic>
</cit:CI_Citation>
