<?xml version="1.0" encoding="UTF-8"?>
<cit:CI_Address xmlns:xlink="http://www.w3.org/1999/xlink"
 xmlns:gco="https://schemas.isotc211.org/19103/-/gco/1.1"
 xmlns:mcc="https://schemas.isotc211.org/19115/-1/mcc/1.3"
 xmlns:cit="https://schemas.isotc211.org/19115/-1/cit/1.3"
 xmlns:xsi="http://www.w3.org/2001/XMLSchema-instance"
 xsi:schemaLocation="https://schemas.isotc211.org/19115/-1/cit/1.3 file:/F:/Code_GitHub_ISO/XML_19115-3/schemas.isotc211.org/19115Restructure/19115/-1/cit/1.3.0/citation.xsd">
 <cit:deliveryPoint><gco:CharacterString>1 Challenger Drive</gco:CharacterString></cit:deliveryPoint>
 <cit:city><gco:CharacterString>Dartmouth</gco:CharacterString></cit:city>
 <cit:administrativeArea><gco:CharacterString>Nova Scotia</gco:CharacterString></cit:administrativeArea>
 <cit:postalCode><gco:CharacterString>B2Y4A2</gco:CharacterString></cit:postalCode>
 <cit:country><gco:CharacterString>Canada</gco:CharacterString></cit:country>
 <cit:electronicMailAddress><gco:CharacterString>tobias.spears@dfo-mpo.gc.ca</gco:CharacterString></cit:electronicMailAddress>
</cit:CI_Address>
