<?xml version="1.0" encoding="UTF-8"?>
<mcc:MD_BrowseGraphic xmlns:xlink="http://www.w3.org/1999/xlink"
 xmlns:gco="https://schemas.isotc211.org/19103/-/gco/1.1"
 xmlns:mcc="https://schemas.isotc211.org/19115/-1/mcc/1.3"
 xmlns:xsi="http://www.w3.org/2001/XMLSchema-instance"
 xsi:schemaLocation="https://schemas.isotc211.org/19115/-1/mcc/1.3 file:/F:/Code_GitHub_ISO/XML_19115-3/schemas.isotc211.org/19115Restructure/19115/-1/mcc/1.3.0/AbstractCommonClasses.xsd">
    <mcc:fileName></mcc:fileName>
    <mcc:fileDescription></mcc:fileDescription>
    <mcc:fileType></mcc:fileType>
    <mcc:imageConstraints></mcc:imageConstraints>
    
</mcc:MD_BrowseGraphic>
