<?xml version="1.0" encoding="UTF-8"?>
<mcc:MD_Identifier xmlns:gco="https://schemas.isotc211.org/19103/-/gco/1.1"
 xmlns:xlink="http://www.w3.org/1999/xlink"
 xmlns:mcc="https://schemas.isotc211.org/19115/-1/mcc/1.3"
 xmlns:xsi="http://www.w3.org/2001/XMLSchema-instance"
 xsi:schemaLocation="https://schemas.isotc211.org/19115/-1/mcc/1.3 file:/F:/Code_GitHub_ISO/XML_19115-3/schemas.isotc211.org/19115Restructure/19115/-1/mcc/1.3.0/commonClasses.xsd">
    <mcc:authority></mcc:authority>
    <mcc:code></mcc:code>
    <mcc:codeSpace></mcc:codeSpace>
    <mcc:version></mcc:version>
    <mcc:description></mcc:description>
</mcc:MD_Identifier>
